gene_name,gene_claim_name,entrez_id,interaction_claim_source,interaction_types,drug_claim_name,drug_claim_primary_name,drug_name,drug_chembl_id,PMIDs
A2M,3,3,3,0,3,3,2,2,3
AANAT,5,5,5,0,5,5,3,3,5
ABAT,18,18,18,9,18,18,16,16,0
ABCA1,4,4,4,2,4,4,4,4,1
ABCA4,1,1,1,0,1,1,0,0,0
ABCA5,1,1,1,0,1,1,0,0,0
ABCB1,96,96,96,1,96,96,76,76,90
ABCB11,3,3,3,2,3,3,2,2,0
ABCB4,20,20,20,16,20,20,14,14,4
ABCC1,41,41,41,4,41,41,33,33,35
ABCC10,1,1,1,0,1,1,1,1,1
ABCC2,4,4,4,1,4,4,2,2,1
ABCC3,2,2,2,0,2,2,2,2,2
ABCC4,9,9,9,1,9,9,8,8,8
ABCC5,2,2,2,2,2,2,1,1,0
ABCC6,3,3,3,0,3,3,2,2,3
ABCC8,18,18,18,10,18,18,17,17,0
ABCC9,5,5,5,1,5,5,4,4,0
ABCG2,24,24,24,1,24,24,20,20,22
ABCG4,1,1,1,0,1,1,0,0,1
ABHD6,2,2,2,2,2,2,0,0,0
ABL1,102,102,102,43,102,102,90,90,27
ABL2,9,9,9,7,9,9,8,8,0
ACACA,2,2,2,2,2,2,1,1,0
ACACB,3,3,3,3,3,3,2,2,0
ACADM,1,1,1,0,1,1,0,0,1
ACADSB,1,1,1,0,1,1,1,1,0
ACAT1,3,3,3,1,3,3,3,3,0
ACE,75,75,75,38,75,75,72,72,6
ACE2,6,6,6,3,6,6,4,4,0
ACHE,73,73,73,38,73,73,67,67,8
ACKR3,4,4,4,4,4,4,3,3,0
ACKR4,3,3,3,3,3,3,0,0,0
ACLY,1,1,1,0,1,1,1,1,1
ACO1,3,3,3,0,3,3,1,1,3
ACP5,5,5,5,0,5,5,4,4,5
ACPP,1,1,1,0,1,1,0,0,0
ACR,1,1,1,1,1,1,0,0,0
ACTA1,1,1,1,0,1,1,0,0,0
ACTB,3,3,3,0,3,3,2,2,3
ACTC1,2,2,2,0,2,2,1,1,2
ACTG1,1,1,1,0,1,1,0,0,0
ACTG1P4,8,8,8,8,8,8,2,2,0
ACTL6A,2,2,2,2,2,2,1,1,0
ACTR2,2,2,2,0,2,2,1,1,2
ACVR1,5,5,5,5,5,5,1,1,0
ACVR1B,3,3,3,3,3,3,0,0,0
ACVR1C,10,10,10,10,10,10,7,7,0
ACVR2A,2,2,2,1,2,2,2,2,0
ACVR2B,3,3,3,2,3,3,3,3,0
ACVRL1,5,5,5,3,5,5,5,5,0
AD5,4,4,4,4,4,4,4,4,0
ADA,27,27,27,7,27,27,20,20,16
ADAM10,3,3,3,2,3,3,2,2,0
ADAM12,1,1,1,1,1,1,1,1,0
ADAM17,7,7,7,6,7,7,7,7,0
ADAM33,2,2,2,2,2,2,1,1,0
ADAM8,1,1,1,1,1,1,0,0,0
ADAM9,1,1,1,1,1,1,1,1,0
ADAMTS1,1,1,1,1,1,1,0,0,0
ADAMTS4,2,2,2,1,2,2,1,1,1
ADAMTS5,2,2,2,1,2,2,1,1,1
ADARB2,6,6,6,6,6,6,5,5,0
ADCY1,1,1,1,1,1,1,1,1,0
ADCY5,1,1,1,1,1,1,0,0,0
ADCY6,4,4,4,4,4,4,2,2,0
ADCYAP1,4,4,4,0,4,4,2,2,4
ADCYAP1R1,21,21,21,17,21,21,8,8,4
ADGRB1,1,1,1,1,1,1,1,1,0
ADGRG3,8,8,8,7,8,8,6,6,0
ADH1A,3,3,3,1,3,3,3,3,0
ADH1B,3,3,3,1,3,3,3,3,0
ADH1C,4,4,4,1,4,4,4,4,1
ADH4,1,1,1,0,1,1,1,1,1
ADH5,1,1,1,1,1,1,0,0,0
ADI1,1,1,1,1,1,1,1,1,0
ADIPOQ,4,4,4,0,4,4,3,3,4
ADK,8,8,8,2,8,8,8,8,6
ADM,4,4,4,0,4,4,3,3,4
ADORA1,110,110,110,98,110,110,88,88,0
ADORA2A,127,127,127,124,127,127,108,108,0
ADORA2B,103,103,103,90,103,103,86,86,0
ADORA3,111,111,111,109,111,111,91,91,0
ADRA1A,207,207,207,117,207,207,201,201,0
ADRA1B,127,127,127,76,127,127,120,120,0
ADRA1D,38,38,38,3,38,38,37,37,3
ADRA2A,125,125,125,69,125,125,120,120,0
ADRA2B,90,90,90,67,90,90,84,84,0
ADRA2C,54,54,54,32,54,54,53,53,0
ADRB1,112,112,112,50,112,112,110,110,0
ADRB2,195,195,195,127,195,195,179,179,5
ADRB3,62,62,62,57,62,62,52,52,0
ADRM1,4,4,4,4,4,4,4,4,0
ADSS,1,1,1,0,1,1,1,1,1
AFP,25,25,25,0,25,25,17,17,25
AGER,3,3,3,1,3,3,1,1,2
AGRP,1,1,1,1,1,1,0,0,0
AGT,10,10,10,0,10,10,5,5,9
AGTR1,95,95,95,56,95,95,79,79,17
AGTR2,21,21,21,16,21,21,13,13,4
AHCY,1,1,1,1,1,1,1,1,0
AHR,2,2,2,0,2,2,1,1,1
AHRR,1,1,1,0,1,1,0,0,1
AIFM1,2,2,2,0,2,2,1,1,2
AIP,1,1,1,0,1,1,0,0,1
AKR1A1,1,1,1,1,1,1,1,1,0
AKR1B1,12,12,12,6,12,12,8,8,5
AKR1B1P4,21,21,21,21,21,21,14,14,0
AKR1C1,3,3,3,0,3,3,3,3,3
AKR1C2,1,1,1,0,1,1,1,1,0
AKR1C3,5,5,5,1,5,5,2,2,4
AKR1D1,1,1,1,0,1,1,1,1,0
AKT1,98,98,98,49,97,97,84,84,26
AKT1S1,3,3,3,3,3,3,3,3,0
AKT2,42,42,42,28,41,41,37,37,1
AKT3,43,43,43,27,42,42,39,39,2
ALAD,1,1,1,1,1,1,1,1,0
ALB,8,8,8,5,8,8,7,7,3
ALCAM,1,1,1,0,1,1,1,1,1
ALDH1A2,4,4,4,0,4,4,4,4,4
ALDH2,5,5,5,2,5,5,5,5,1
ALDH3A1,3,3,3,0,3,3,3,3,3
ALDH5A1,6,6,6,6,6,6,5,5,0
ALK,106,106,106,45,106,106,87,87,51
ALMS1,11,11,11,11,11,11,9,9,0
ALOX12,1,1,1,1,1,1,0,0,0
ALOX15,2,2,2,2,2,2,0,0,0
ALOX15B,1,1,1,1,1,1,0,0,0
ALOX5,36,36,36,21,36,36,28,28,6
ALOX5AP,10,10,10,6,10,10,8,8,1
ALPL,3,3,3,2,3,3,2,2,1
ALPP,5,5,5,0,5,5,4,4,5
ALPPL2,2,2,2,0,2,2,2,2,0
AMH,21,21,21,13,21,21,14,14,8
AMHR2,1,1,1,1,1,1,1,1,0
AMY2A,3,3,3,1,3,3,3,3,0
ANGPT1,3,3,3,2,3,3,1,1,0
ANGPT2,10,10,10,6,9,9,6,6,2
ANO1,14,14,14,14,14,14,13,13,0
ANPEP,28,28,28,3,28,28,17,17,23
ANXA1,31,31,31,0,31,31,28,28,9
ANXA2P3,14,14,14,14,14,14,8,8,0
ANXA3,27,27,27,27,27,27,9,9,0
ANXA5,19,19,19,17,19,19,8,8,2
AOAH,1,1,1,1,1,1,0,0,0
AOC3,6,6,6,4,6,6,5,5,0
AOX1,2,2,2,2,2,2,2,2,0
APC,48,48,48,0,48,48,24,24,48
APCS,2,2,2,2,2,2,0,0,0
APEH,1,1,1,1,1,1,0,0,0
APEX1,3,3,3,0,3,3,2,2,3
APH1A,14,14,14,8,14,14,9,9,0
APH1B,11,11,11,6,11,11,8,8,0
APLN,2,2,2,0,2,2,1,1,2
APLNR,24,24,24,24,24,24,6,6,0
APOA1,12,12,12,0,12,12,7,7,10
APOA2,2,2,2,0,2,2,1,1,2
APOB,22,22,22,1,22,22,17,17,18
APOC3,1,1,1,1,1,1,0,0,0
APOD,1,1,1,0,1,1,1,1,1
APOE,24,24,24,0,24,24,14,14,24
APOH,1,1,1,1,1,1,0,0,0
APP,31,31,31,3,31,31,24,24,6
APRT,2,2,2,0,2,2,2,2,2
AQP1,10,10,10,4,10,10,5,5,6
AQP10,1,1,1,1,1,1,0,0,0
AQP2,1,1,1,1,1,1,0,0,0
AQP3,1,1,1,1,1,1,0,0,0
AQP5,1,1,1,1,1,1,0,0,0
AQP6,1,1,1,1,1,1,0,0,0
AQP7,2,2,2,1,2,2,0,0,1
AQP8,2,2,2,1,2,2,1,1,1
AQP9,10,10,10,2,10,10,5,5,8
AR,134,134,134,81,134,134,123,123,12
ARAF,15,15,15,9,15,15,15,15,5
AREG,3,3,3,0,3,3,3,3,3
ARF6,1,1,1,0,1,1,0,0,1
ARG1,3,3,3,3,3,3,1,1,0
ARG2,2,2,2,2,2,2,1,1,0
ARID1A,3,3,3,0,3,3,3,3,2
ARNT,3,3,3,0,3,3,1,1,3
ARSB,1,1,1,0,1,1,1,1,1
ARSC2,2,2,2,2,2,2,2,2,0
ART1,4,4,4,4,4,4,4,4,0
ART3,2,2,2,2,2,2,2,2,0
ARVD3,20,20,20,20,20,20,13,13,0
ASGR1,5,5,5,5,5,5,5,5,0
ASIC1,13,13,13,10,13,13,8,8,0
ASIC2,10,10,10,9,10,10,8,8,0
ASIC3,14,14,14,13,14,14,11,11,0
ASIC4,1,1,1,0,1,1,0,0,0
ASNS,1,1,1,0,1,1,1,1,1
ASXL1,3,3,3,0,2,2,2,2,3
ATAD2,4,4,4,4,4,4,0,0,0
ATAD2B,1,1,1,1,1,1,0,0,0
ATF2,6,6,6,0,6,6,4,4,6
ATF3,1,1,1,0,1,1,1,1,1
ATF4,1,1,1,0,1,1,1,1,1
ATIC,2,2,2,0,2,2,2,2,2
ATM,45,45,45,5,45,45,34,34,26
ATP1A1,31,31,31,16,31,31,29,29,0
ATP1A2,4,4,4,4,4,4,4,4,0
ATP1A3,4,4,4,4,4,4,4,4,0
ATP1A4,4,4,4,4,4,4,4,4,0
ATP1B1,4,4,4,4,4,4,4,4,0
ATP1B2,4,4,4,4,4,4,4,4,0
ATP1B3,4,4,4,4,4,4,4,4,0
ATP2A1,1,1,1,1,1,1,0,0,0
ATP2A2,2,2,2,1,2,2,2,2,0
ATP2C1,8,8,8,0,8,8,8,8,0
ATP4A,31,31,31,19,31,31,25,25,0
ATP4B,10,10,10,9,10,10,10,10,0
ATP5D,10,10,10,0,10,10,10,10,0
ATP6V1A,1,1,1,1,1,1,0,0,0
ATP7A,5,5,5,0,5,5,3,3,5
ATP7B,4,4,4,0,4,4,2,2,4
ATR,17,17,17,8,17,17,12,12,1
ATRX,10,10,10,0,10,10,8,8,10
ATXN1L,4,4,4,0,4,4,3,3,4
AURKA,104,104,104,87,103,103,89,89,5
AURKB,87,87,87,80,86,86,76,76,0
AURKC,33,33,33,29,32,32,30,30,0
AVPR1A,80,80,80,69,80,80,49,49,0
AVPR1B,51,51,51,44,51,51,27,27,0
AVPR2,85,85,85,69,85,85,53,53,0
AXL,9,9,9,6,9,9,6,6,0
B2M,3,3,3,0,3,3,3,3,3
B3GAT1,1,1,1,0,1,1,1,1,1
B4GALNT1,1,1,1,1,1,1,1,1,0
BACE1,20,20,20,18,20,20,10,10,0
BACE2,10,10,10,9,10,10,4,4,0
BAD,1,1,1,0,1,1,1,1,0
BAP1,6,6,6,0,6,6,5,5,6
BAX,68,68,68,1,68,68,55,55,67
BAZ2A,2,2,2,2,2,2,0,0,0
BAZ2B,4,4,4,4,4,4,0,0,0
BCAR3,1,1,1,0,1,1,0,0,1
BCAT2,2,2,2,2,2,2,2,2,0
BCHE,29,29,29,10,29,29,25,25,8
BCL2,90,90,90,16,90,90,69,69,56
BCL2A1,1,1,1,1,1,1,1,1,0
BCL2L1,9,9,9,8,9,9,9,9,0
BCL2L10,1,1,1,1,1,1,1,1,0
BCL2L11,2,2,2,0,2,2,2,2,2
BCL2L2,9,9,9,6,9,9,9,9,2
BCL6,2,2,2,0,2,2,2,2,1
BCOR,3,3,3,0,2,2,2,2,2
BCORL1,1,1,1,0,0,0,0,0,1
BCR,14,14,14,5,14,14,13,13,1
BDKRB1,39,39,39,38,39,39,21,21,0
BDKRB2,11,11,11,7,11,11,11,11,1
BDNF,93,93,93,0,93,93,67,67,93
BGLAP,37,37,37,0,37,37,28,28,37
BHLHE40,2,2,2,0,2,2,2,2,2
BHMT,1,1,1,0,1,1,1,1,0
BHMT2,1,1,1,0,1,1,1,1,0
BIRC2,16,16,16,14,16,16,10,10,0
BIRC3,12,12,12,11,12,12,7,7,0
BIRC5,69,69,69,4,69,69,52,52,59
BIRC7,3,3,3,2,3,3,1,1,1
BLK,17,17,17,15,17,17,11,11,1
BLM,2,2,2,0,2,2,2,2,2
BLVRA,1,1,1,1,1,1,1,1,0
BLVRB,27,27,27,27,27,27,13,13,0
BMP1,1,1,1,1,1,1,0,0,0
BMP10,2,2,2,1,2,2,2,2,0
BMP2K,1,1,1,1,1,1,0,0,0
BMPR1A,5,5,5,5,5,5,1,1,0
BMPR2,1,1,1,1,1,1,0,0,0
BMX,6,6,6,6,6,6,2,2,0
BPTF,1,1,1,1,1,1,0,0,0
BRAF,267,267,267,61,265,265,220,220,170
BRCA1,64,64,64,0,64,64,48,48,46
BRCA2,49,49,49,0,49,49,36,36,34
BRD1,2,2,2,2,2,2,1,1,0
BRD2,13,13,13,12,13,13,8,8,1
BRD3,9,9,9,9,9,9,5,5,0
BRD4,32,32,32,29,32,32,18,18,3
BRD7,3,3,3,3,3,3,0,0,0
BRD9,6,6,6,6,6,6,0,0,0
BRDT,2,2,2,2,2,2,0,0,0
BRPF1,7,7,7,0,7,7,0,0,0
BRPF3,2,2,2,0,2,2,0,0,0
BRS3,19,19,19,19,19,19,5,5,0
BRSK1,1,1,1,1,1,1,1,1,0
BRSK2,2,2,2,2,2,2,2,2,0
BSG,1,1,1,0,1,1,1,1,0
BTF3P11,5,5,5,0,5,5,4,4,5
BTK,32,32,32,27,32,32,17,17,3
BTN3A1,1,1,1,0,1,1,0,0,0
BUB1,6,6,6,6,6,6,0,0,0
C1QA,1,1,1,0,1,1,0,0,0
C1QB,4,4,4,4,4,4,4,4,0
C1R,5,5,5,5,5,5,5,5,0
C1S,9,9,9,7,9,9,4,4,1
C21ORF33,1,1,1,1,1,1,1,1,0
C3,1,1,1,0,1,1,0,0,0
C3AR1,13,13,13,13,13,13,2,2,0
C5,6,6,6,3,6,6,5,5,0
C5AR1,21,21,21,20,21,21,10,10,0
C5AR2,7,7,7,7,7,7,4,4,0
C6,4,4,4,4,4,4,4,4,0
C7,4,4,4,4,4,4,4,4,0
C8G,4,4,4,4,4,4,4,4,0
C9ORF3,1,1,1,1,1,1,1,1,0
CA1,36,36,36,21,36,36,36,36,0
CA12,20,20,20,18,20,20,20,20,0
CA13,1,1,1,1,1,1,1,1,0
CA14,7,7,7,7,7,7,7,7,0
CA2,28,28,28,14,28,28,26,26,4
CA3,3,3,3,1,3,3,3,3,2
CA4,17,17,17,11,17,17,17,17,0
CA5A,4,4,4,4,4,4,1,1,0
CA5B,1,1,1,1,1,1,1,1,0
CA6,2,2,2,1,2,2,2,2,0
CA7,12,12,12,12,12,12,12,12,0
CA9,6,6,6,1,6,6,6,6,0
CACNA1A,13,13,13,7,13,13,13,13,0
CACNA1B,27,27,27,18,27,27,25,25,0
CACNA1C,44,44,44,31,44,44,37,37,0
CACNA1D,38,38,38,31,38,38,34,34,0
CACNA1E,10,10,10,10,10,10,8,8,0
CACNA1F,32,32,32,27,32,32,29,29,0
CACNA1G,28,28,28,18,28,28,24,24,0
CACNA1H,15,15,15,12,15,15,15,15,0
CACNA1I,34,34,34,28,34,34,30,30,0
CACNA1S,28,28,28,21,28,28,26,26,0
CACNA2D1,26,26,26,13,26,26,26,26,0
CACNA2D2,13,13,13,8,13,13,12,12,0
CACNA2D3,6,6,6,6,6,6,6,6,0
CACNA2D4,6,6,6,6,6,6,6,6,0
CACNB1,11,11,11,6,11,11,10,10,0
CACNB2,13,13,13,8,13,13,11,11,0
CACNB3,10,10,10,6,10,10,9,9,0
CACNB4,10,10,10,6,10,10,9,9,0
CACNG1,17,17,17,6,17,17,17,17,0
CACNG2,6,6,6,6,6,6,6,6,0
CACNG3,6,6,6,6,6,6,6,6,0
CACNG4,6,6,6,6,6,6,6,6,0
CACNG5,6,6,6,6,6,6,6,6,0
CACNG6,6,6,6,6,6,6,6,6,0
CACNG7,6,6,6,6,6,6,6,6,0
CALCA,7,7,7,3,7,7,6,6,4
CALCB,1,1,1,1,1,1,1,1,0
CALCR,10,10,10,7,10,10,9,9,0
CALCRL,22,22,22,21,22,22,15,15,0
CALM1,3,3,3,0,3,3,3,3,0
CALR,10,10,10,0,9,9,4,4,10
CALY,3,3,3,0,3,3,3,3,0
CAMK1D,1,1,1,1,1,1,1,1,0
CAMK2B,8,8,8,1,8,8,8,8,7
CAMK2D,3,3,3,3,3,3,0,0,0
CAMK2G,5,5,5,1,5,5,3,3,4
CAMK4,1,1,1,0,1,1,1,1,1
CAMKK1,1,1,1,1,1,1,0,0,0
CAMKK2,1,1,1,1,1,1,0,0,0
CAMLG,2,2,2,0,2,2,2,2,0
CANX,1,1,1,0,1,1,1,1,1
CAPN2,1,1,1,1,1,1,0,0,0
CARD9,1,1,1,0,1,1,1,1,1
CARM1,6,6,6,6,6,6,2,2,0
CARTPT,5,5,5,0,5,5,3,3,4
CASP1,7,7,7,6,7,7,5,5,0
CASP10,1,1,1,1,1,1,1,1,0
CASP12,1,1,1,1,1,1,1,1,0
CASP14,2,2,2,2,2,2,2,2,0
CASP2,3,3,3,3,3,3,1,1,0
CASP3,12,12,12,9,12,12,6,6,2
CASP4,4,4,4,4,4,4,2,2,0
CASP5,3,3,3,3,3,3,1,1,0
CASP6,3,3,3,3,3,3,2,2,0
CASP7,4,4,4,4,4,4,1,1,0
CASP8,6,6,6,5,6,6,4,4,1
CASP9,4,4,4,4,4,4,2,2,0
CASR,33,33,33,24,33,33,30,30,3
CAST,7,7,7,0,7,7,5,5,7
CATSPER1,7,7,7,7,7,7,5,5,0
CATSPER2,6,6,6,6,6,6,5,5,0
CATSPER3,6,6,6,6,6,6,5,5,0
CATSPER4,6,6,6,6,6,6,5,5,0
CAV1,2,2,2,0,2,2,2,2,2
CBL,11,11,11,0,10,10,6,6,10
CBLB,2,2,2,0,2,2,2,2,2
CBLC,2,2,2,0,1,1,1,1,2
CBR1,1,1,1,1,1,1,1,1,0
CBS,2,2,2,1,2,2,0,0,1
CBX4,4,4,4,4,4,4,3,3,0
CCK,3,3,3,0,3,3,3,3,3
CCKAR,26,26,26,23,26,26,19,19,0
CCKBR,47,47,47,39,47,47,28,28,5
CCL1,1,1,1,0,1,1,0,0,1
CCL11,5,5,5,1,5,5,4,4,4
CCL14,2,2,2,0,2,2,0,0,2
CCL17,15,15,15,0,15,15,9,9,15
CCL18,2,2,2,0,2,2,1,1,2
CCL2,4,4,4,3,4,4,2,2,0
CCL21,8,8,8,0,8,8,2,2,8
CCL22,6,6,6,0,6,6,1,1,6
CCL25,1,1,1,0,1,1,1,1,1
CCL28,1,1,1,0,1,1,0,0,1
CCL3,2,2,2,0,2,2,1,1,2
CCL4,3,3,3,0,3,3,2,2,3
CCL5,2,2,2,0,2,2,1,1,2
CCL7,3,3,3,0,3,3,1,1,3
CCL8,3,3,3,0,3,3,0,0,3
CCNA2,5,5,5,0,5,5,5,5,5
CCND1,23,23,23,2,23,23,19,19,16
CCND2,6,6,6,0,6,6,6,6,1
CCND3,5,5,5,0,5,5,5,5,1
CCNE1,7,7,7,0,7,7,7,7,3
CCNG1,1,1,1,0,1,1,0,0,0
CCR1,30,30,30,28,30,30,12,12,0
CCR10,2,2,2,2,2,2,0,0,0
CCR2,47,47,47,39,47,47,26,26,4
CCR3,36,36,36,34,36,36,11,11,1
CCR4,11,11,11,11,11,11,7,7,0
CCR5,56,56,56,51,56,56,34,34,0
CCR6,5,5,5,4,5,5,1,1,1
CCR7,5,5,5,5,5,5,0,0,0
CCR8,6,6,6,6,6,6,2,2,0
CCR9,8,8,8,6,8,8,6,6,0
CCRL2,1,1,1,1,1,1,0,0,0
CD14,3,3,3,1,3,3,3,3,1
CD163,2,2,2,0,2,2,1,1,2
CD19,13,13,13,5,13,13,13,13,0
CD1A,4,4,4,1,4,4,3,3,2
CD2,13,13,13,5,13,13,11,11,5
CD200,1,1,1,1,1,1,1,1,0
CD22,16,16,16,6,16,16,10,10,2
CD244,1,1,1,0,1,1,0,0,1
CD247,3,3,3,0,3,3,3,3,1
CD248,2,2,2,1,2,2,2,2,0
CD27,3,3,3,0,2,2,0,0,1
CD274,21,21,21,7,21,21,19,19,6
CD276,2,2,2,1,1,1,1,1,0
CD28,12,12,12,2,12,12,7,7,9
CD33,11,11,11,4,11,11,10,10,0
CD34,8,8,8,0,8,8,3,3,8
CD36,1,1,1,0,1,1,1,1,0
CD37,1,1,1,0,1,1,1,1,0
CD38,7,7,7,4,7,7,7,7,1
CD3D,11,11,11,2,11,11,9,9,0
CD3E,24,24,24,10,24,24,22,22,0
CD3G,11,11,11,2,11,11,9,9,0
CD4,17,17,17,9,17,17,15,15,3
CD40,20,20,20,4,20,20,11,11,10
CD40LG,12,12,12,3,12,12,9,9,9
CD44,8,8,8,0,8,8,6,6,7
CD47,1,1,1,0,1,1,1,1,0
CD5,9,9,9,0,9,9,7,7,8
CD52,8,8,8,4,8,8,7,7,2
CD55,6,6,6,0,6,6,4,4,4
CD58,1,1,1,0,1,1,1,1,1
CD59,1,1,1,0,1,1,0,0,1
CD6,2,2,2,1,2,2,2,2,0
CD63,2,2,2,0,2,2,0,0,2
CD69,2,2,2,0,2,2,1,1,1
CD7,2,2,2,2,2,2,2,2,0
CD70,6,6,6,2,6,6,3,3,0
CD74,4,4,4,3,4,4,4,4,0
CD79A,2,2,2,2,2,2,0,0,0
CD79B,1,1,1,1,1,1,1,1,0
CD80,22,22,22,7,22,22,16,16,8
CD82,1,1,1,0,1,1,0,0,1
CD83,2,2,2,0,2,2,1,1,2
CD86,18,18,18,5,18,18,15,15,7
CD8B,2,2,2,2,2,2,2,2,0
CD8B2,2,2,2,2,2,2,1,1,0
CD9,9,9,9,0,9,9,1,1,9
CDA,6,6,6,0,6,6,6,6,6
CDC25B,1,1,1,0,1,1,0,0,1
CDC25C,3,3,3,0,3,3,3,3,3
CDC42,1,1,1,0,1,1,1,1,1
CDC42BPA,2,2,2,2,2,2,0,0,0
CDC42BPB,1,1,1,1,1,1,1,1,0
CDC7,12,12,12,10,12,12,7,7,0
CDH1,10,10,10,0,9,9,7,7,9
CDH17,5,5,5,0,5,5,2,2,5
CDH2,2,2,2,1,2,2,0,0,0
CDH5,1,1,1,0,1,1,0,0,0
CDK1,55,55,55,52,54,54,43,43,0
CDK10,5,5,5,4,5,5,5,5,0
CDK11B,4,4,4,4,4,4,4,4,0
CDK12,5,5,5,4,5,5,5,5,1
CDK13,4,4,4,4,4,4,4,4,0
CDK14,4,4,4,4,4,4,4,4,0
CDK15,4,4,4,4,4,4,4,4,0
CDK16,4,4,4,4,4,4,4,4,0
CDK17,4,4,4,4,4,4,4,4,0
CDK18,5,5,5,5,5,5,4,4,0
CDK19,10,10,10,10,10,10,8,8,0
CDK2,99,99,99,69,98,98,76,76,23
CDK20,4,4,4,4,4,4,4,4,0
CDK3,4,4,4,2,3,3,3,3,0
CDK4,80,80,80,56,79,79,70,70,14
CDK5,25,25,25,23,25,25,21,21,0
CDK6,35,35,35,28,34,34,33,33,1
CDK7,28,28,28,24,27,27,22,22,0
CDK8,12,12,12,11,12,12,8,8,0
CDK9,38,38,38,33,37,37,34,34,0
CDKL1,1,1,1,1,1,1,0,0,0
CDKL2,1,1,1,1,1,1,0,0,0
CDKN1A,37,37,37,5,37,37,25,25,32
CDKN1B,19,19,19,0,19,19,13,13,19
CDKN1C,1,1,1,0,1,1,1,1,1
CDKN2A,31,31,31,0,31,31,27,27,26
CDKN2B,1,1,1,0,1,1,1,1,1
CDKN2C,1,1,1,0,1,1,0,0,1
CDKN2D,4,4,4,0,4,4,4,4,4
CDKN3,4,4,4,4,4,4,4,4,0
CDS1,3,3,3,3,3,3,3,3,0
CDX2,1,1,1,0,1,1,1,1,1
CEACAM1,5,5,5,0,5,5,4,4,3
CEACAM3,1,1,1,1,1,1,1,1,0
CEACAM5,9,9,9,2,9,9,6,6,4
CEACAM6,1,1,1,0,1,1,0,0,1
CEACAM7,1,1,1,0,1,1,0,0,1
CEBPA,2,2,2,0,1,1,0,0,2
CECR2,2,2,2,2,2,2,0,0,0
CEL,6,6,6,0,6,6,5,5,5
CELA1,1,1,1,1,1,1,1,1,0
CENPE,3,3,3,3,3,3,2,2,0
CERK,1,1,1,1,1,1,0,0,0
CES1,1,1,1,1,1,1,0,0,0
CETP,13,13,13,9,13,13,10,10,2
CFB,1,1,1,1,1,1,0,0,0
CFD,3,3,3,3,3,3,2,2,0
CFI,1,1,1,0,1,1,0,0,1
CFLAR,6,6,6,0,6,6,6,6,2
CFTR,30,30,30,20,30,30,25,25,2
CGA,7,7,7,0,7,7,3,3,7
CGB3,1,1,1,0,1,1,1,1,0
CGB5,9,9,9,0,9,9,8,8,9
CGF1,3,3,3,0,3,3,2,2,0
CH25H,2,2,2,2,2,2,2,2,0
CHAT,7,7,7,0,7,7,7,7,7
CHD1,2,2,2,0,2,2,2,2,0
CHEK1,42,42,42,33,42,42,34,34,8
CHEK2,11,11,11,9,11,11,8,8,1
CHI3L1,2,2,2,0,2,2,0,0,2
CHKA,2,2,2,1,2,2,2,2,1
CHRM1,247,247,247,147,247,247,217,217,0
CHRM2,170,170,170,109,170,170,140,140,0
CHRM3,178,178,178,128,178,178,161,161,0
CHRM4,108,108,108,80,108,108,91,91,0
CHRM5,84,84,84,60,84,84,71,71,0
CHRNA1,25,25,25,25,25,25,20,20,0
CHRNA10,15,15,15,9,15,15,13,13,0
CHRNA2,53,53,53,18,53,53,44,44,0
CHRNA3,7,7,7,5,7,7,7,7,0
CHRNA4,82,82,82,48,82,82,70,70,0
CHRNA5,5,5,5,5,5,5,2,2,0
CHRNA6,7,7,7,7,7,7,2,2,0
CHRNA7,83,83,83,49,83,83,65,65,0
CHRNA9,13,13,13,11,13,13,10,10,0
CHRNB1,14,14,14,14,14,14,14,14,0
CHRNB2,24,24,24,15,24,24,22,22,0
CHRNB4,7,7,7,5,7,7,7,7,0
CHRND,15,15,15,15,15,15,14,14,0
CHRNE,14,14,14,14,14,14,14,14,0
CHRNG,14,14,14,14,14,14,14,14,0
CHST11,2,2,2,0,2,2,2,2,2
CHUK,5,5,5,3,5,5,5,5,1
CIC,3,3,3,0,3,3,3,3,3
CIP2A,1,1,1,0,1,1,1,1,1
CISH,1,1,1,0,1,1,1,1,1
CKM,2,2,2,0,2,2,1,1,2
CLCA1,1,1,1,0,1,1,1,1,0
CLCN1,7,7,7,7,7,7,5,5,0
CLCN2,4,4,4,2,4,4,4,4,0
CLCN3,1,1,1,1,1,1,1,1,0
CLCN6,1,1,1,1,1,1,0,0,0
CLCN7,3,3,3,3,3,3,1,1,0
CLCNKA,4,4,4,3,4,4,2,2,0
CLCNKB,3,3,3,3,3,3,1,1,0
CLDN18,2,2,2,1,2,2,2,2,0
CLEC4C,1,1,1,1,1,1,1,1,0
CLEC4E,1,1,1,1,1,1,0,0,0
CLIP2,9,9,9,9,9,9,3,3,0
CLK1,4,4,4,4,4,4,0,0,0
CLK2,2,2,2,2,2,2,0,0,0
CLK3,1,1,1,1,1,1,0,0,0
CLK4,2,2,2,2,2,2,0,0,0
CLU,6,6,6,3,6,6,6,6,1
CMA1,2,2,2,2,2,2,1,1,0
CMKLR1,5,5,5,4,5,5,2,2,0
CNGA1,3,3,3,3,3,3,2,2,0
CNGA2,1,1,1,1,1,1,1,1,0
CNGA3,3,3,3,3,3,3,2,2,0
CNR1,69,69,69,53,69,69,48,48,1
CNR2,14,14,14,8,14,14,13,13,0
CNTFR,7,7,7,7,7,7,4,4,0
CNTN1,1,1,1,1,1,1,1,1,0
COIL,3,3,3,0,3,3,2,2,3
COL11A1,2,2,2,0,2,2,2,2,0
COL11A2,2,2,2,0,2,2,2,2,0
COL15A1,2,2,2,0,2,2,2,2,0
COL18A1,14,14,14,0,14,14,12,12,12
COL1A1,5,5,5,0,5,5,5,5,0
COL1A2,9,9,9,0,9,9,6,6,4
COL24A1,2,2,2,0,2,2,2,2,0
COL27A1,2,2,2,0,2,2,2,2,0
COL28A1,2,2,2,0,2,2,2,2,0
COL2A1,5,5,5,0,5,5,5,5,0
COL3A1,5,5,5,0,5,5,5,5,0
COL4A1,2,2,2,0,2,2,2,2,0
COL4A2,2,2,2,0,2,2,2,2,0
COL4A3,2,2,2,0,2,2,2,2,0
COL4A4,2,2,2,0,2,2,2,2,0
COL4A5,13,13,13,11,13,13,11,11,0
COL4A6,2,2,2,0,2,2,2,2,0
COL5A1,2,2,2,0,2,2,2,2,0
COL5A2,2,2,2,0,2,2,2,2,0
COL5A3,2,2,2,0,2,2,2,2,0
COL6A1,2,2,2,0,2,2,2,2,0
COL6A2,2,2,2,0,2,2,2,2,0
COL6A3,2,2,2,0,2,2,2,2,0
COL6A5,2,2,2,0,2,2,2,2,0
COL6A6,2,2,2,0,2,2,2,2,0
COMT,12,12,12,8,12,12,11,11,0
CORT,1,1,1,0,1,1,1,1,1
COX7C,1,1,1,1,1,1,1,1,0
COX7CP1,1,1,1,1,1,1,1,1,0
CP,25,25,25,0,25,25,18,18,25
CPA1,1,1,1,1,1,1,0,0,0
CPB1,2,2,2,2,2,2,0,0,0
CPB2,6,6,6,5,6,6,4,4,1
CPD,1,1,1,0,1,1,0,0,1
CPM,1,1,1,1,1,1,0,0,0
CPN1,2,2,2,2,2,2,1,1,0
CPS1,2,2,2,2,2,2,2,2,0
CPSF2,1,1,1,0,1,1,0,0,0
CPT1A,3,3,3,0,3,3,2,2,0
CPT1B,2,2,2,2,2,2,2,2,0
CPT2,34,34,34,31,34,34,30,30,0
CR1,1,1,1,0,1,1,1,1,1
CR2,3,3,3,0,3,3,2,2,3
CRABP2,1,1,1,0,1,1,1,1,1
CRAT,1,1,1,0,1,1,0,0,0
CRBN,7,7,7,3,7,7,7,7,2
CREB1,2,2,2,0,2,2,2,2,2
CREBBP,5,5,5,4,5,5,2,2,1
CRH,4,4,4,0,4,4,2,2,4
CRHR1,36,36,36,34,36,36,18,18,0
CRHR2,22,22,22,18,22,22,8,8,2
CRMP1,1,1,1,0,1,1,1,1,1
CROT,1,1,1,0,1,1,0,0,0
CRP,3,3,3,1,3,3,1,1,0
CRTC1,5,5,5,0,4,4,4,4,0
CRTC2,5,5,5,0,4,4,4,4,0
CRY1,1,1,1,0,1,1,0,0,0
CSF1,5,5,5,2,5,5,4,4,3
CSF1R,63,63,63,43,62,62,55,55,9
CSF2,73,73,73,3,73,73,48,48,66
CSF2RA,12,12,12,5,12,12,9,9,0
CSF2RB,6,6,6,3,6,6,3,3,0
CSF3,1,1,1,0,1,1,1,1,0
CSF3R,19,19,19,6,18,18,13,13,3
CSH1,1,1,1,0,1,1,0,0,1
CSK,3,3,3,3,3,3,1,1,0
CSNK1A1,4,4,4,3,4,4,3,3,1
CSNK1D,5,5,5,5,5,5,4,4,0
CSNK1E,3,3,3,3,3,3,3,3,0
CSNK1G1,1,1,1,1,1,1,1,1,0
CSNK1G2,1,1,1,1,1,1,0,0,0
CSNK1G3,1,1,1,1,1,1,0,0,0
CSNK2A1,6,6,6,4,6,6,4,4,1
CSNK2A2,2,2,2,2,2,2,1,1,0
CSPG4,1,1,1,0,1,1,1,1,1
CSRP2,3,3,3,3,3,3,1,1,0
CSRP2P1,2,2,2,2,2,2,1,1,0
CST3,2,2,2,0,2,2,2,2,2
CST4,1,1,1,0,1,1,0,0,1
CSTP1,1,1,1,1,1,1,1,1,0
CTAG1B,4,4,4,0,4,4,2,2,4
CTAG2,1,1,1,0,1,1,0,0,1
CTGF,28,28,28,3,28,28,22,22,24
CTH,4,4,4,4,4,4,1,1,0
CTLA4,29,29,29,11,29,29,25,25,15
CTNNB1,14,14,14,0,14,14,7,7,10
CTRC,1,1,1,1,1,1,0,0,0
CTSA,4,4,4,4,4,4,2,2,0
CTSB,4,4,4,2,4,4,4,4,2
CTSC,5,5,5,2,5,5,4,4,3
CTSD,4,4,4,3,4,4,4,4,1
CTSE,3,3,3,3,3,3,3,3,0
CTSF,1,1,1,1,1,1,1,1,0
CTSG,11,11,11,3,11,11,8,8,7
CTSH,2,2,2,2,2,2,0,0,0
CTSK,18,18,18,12,18,18,13,13,2
CTSL,3,3,3,2,3,3,1,1,1
CTSO,1,1,1,1,1,1,1,1,0
CTSS,4,4,4,4,4,4,3,3,0
CTSV,1,1,1,1,1,1,1,1,0
CTSZ,1,1,1,1,1,1,1,1,0
CUBN,1,1,1,0,1,1,0,0,1
CUL4A,3,3,3,3,3,3,3,3,0
CX3CL1,2,2,2,0,2,2,1,1,2
CX3CR1,2,2,2,2,2,2,1,1,0
CXCL10,14,14,14,1,14,14,13,13,12
CXCL12,1,1,1,0,1,1,0,0,0
CXCL2,12,12,12,1,12,12,6,6,11
CXCL8,54,54,54,2,54,54,40,40,52
CXCR1,20,20,20,17,20,20,10,10,0
CXCR2,40,40,40,33,40,40,22,22,4
CXCR3,18,18,18,18,18,18,7,7,0
CXCR4,52,52,52,39,52,52,30,30,4
CXCR5,2,2,2,1,2,2,0,0,1
CXCR6,2,2,2,2,2,2,1,1,0
CYP11A1,4,4,4,4,4,4,4,4,0
CYP11B1,8,8,8,6,8,8,8,8,0
CYP11B2,3,3,3,2,3,3,3,3,1
CYP17A1,13,13,13,8,13,13,13,13,0
CYP19A1,62,62,62,19,62,62,50,50,30
CYP1A1,18,18,18,2,18,18,13,13,16
CYP1A2,35,35,35,1,35,35,25,25,33
CYP1B1,15,15,15,2,15,15,12,12,12
CYP20A1,1,1,1,0,1,1,1,1,1
CYP24A1,5,5,5,3,5,5,2,2,1
CYP26A1,5,5,5,3,5,5,4,4,0
CYP26B1,1,1,1,0,1,1,1,1,0
CYP26C1,1,1,1,0,1,1,1,1,0
CYP27A1,7,7,7,2,7,7,4,4,5
CYP27B1,5,5,5,1,5,5,4,4,4
CYP2A6,3,3,3,3,3,3,1,1,0
CYP2B6,15,15,15,1,15,15,14,14,12
CYP2C18,1,1,1,1,1,1,0,0,0
CYP2C19,24,24,24,2,24,24,22,22,0
CYP2C8,4,4,4,2,4,4,3,3,2
CYP2C9,14,14,14,2,14,14,12,12,3
CYP2D6,68,68,68,2,68,68,64,64,15
CYP2D7,1,1,1,0,1,1,1,1,0
CYP2E1,15,15,15,1,15,15,9,9,14
CYP2J2,2,2,2,2,2,2,1,1,0
CYP3A4,56,56,56,7,56,56,52,52,47
CYP3A43,7,7,7,1,7,7,5,5,6
CYP3A5,16,16,16,2,16,16,15,15,12
CYP3A7,8,8,8,1,8,8,6,6,6
CYP46A1,1,1,1,0,1,1,0,0,0
CYP4B1,2,2,2,0,2,2,1,1,2
CYP4F2,1,1,1,1,1,1,1,1,0
CYP51A1,2,2,2,1,2,2,2,2,1
CYP7B1,15,15,15,0,15,15,12,12,15
CYR61,3,3,3,0,3,3,1,1,3
CYSLTR1,34,34,34,23,34,34,29,29,1
CYSLTR2,14,14,14,14,14,14,8,8,0
DAPK1,1,1,1,1,1,1,1,1,0
DAPK3,3,3,3,3,3,3,1,1,0
DBH,2,2,2,0,2,2,2,2,1
DBI,1,1,1,0,1,1,0,0,1
DBP,1,1,1,0,1,1,1,1,1
DCK,8,8,8,0,8,8,8,8,7
DCLK1,1,1,1,1,1,1,0,0,0
DCLK2,1,1,1,1,1,1,0,0,0
DCLK3,1,1,1,1,1,1,0,0,0
DCN,4,4,4,0,4,4,2,2,4
DCPS,2,2,2,1,2,2,0,0,0
DCT,1,1,1,0,1,1,1,1,1
DDAH1,1,1,1,1,1,1,0,0,0
DDB1,3,3,3,3,3,3,3,3,0
DDC,11,11,11,7,11,11,4,4,1
DDIT3,44,44,44,0,44,44,27,27,44
DDIT4,1,1,1,0,1,1,1,1,0
DDR1,8,8,8,6,8,8,4,4,0
DDR2,13,13,13,7,13,13,12,12,4
DDX43,3,3,3,0,3,3,3,3,3
DEFA1,1,1,1,0,1,1,1,1,1
DEFA4,1,1,1,0,1,1,0,0,1
DEFA5,1,1,1,0,1,1,1,1,1
DEGS1,1,1,1,1,1,1,0,0,0
DEPTOR,3,3,3,3,3,3,3,3,0
DES,2,2,2,0,2,2,2,2,2
DFFB,2,2,2,0,2,2,1,1,2
DGAT1,9,9,9,9,9,9,5,5,0
DGAT2,2,2,2,2,2,2,1,1,0
DHFR,46,46,46,20,46,46,41,41,13
DHODH,9,9,9,4,9,9,8,8,1
DHPS,1,1,1,0,1,1,0,0,1
DIABLO,11,11,11,0,11,11,6,6,11
DIO1,3,3,3,3,3,3,2,2,0
DKC1,1,1,1,0,1,1,0,0,0
DKK1,8,8,8,2,8,8,7,7,6
DLG4,3,3,3,0,3,3,2,2,3
DLL4,3,3,3,2,3,3,3,3,0
DLX3,11,11,11,9,11,11,3,3,0
DMD,3,3,3,0,3,3,1,1,0
DMPK,1,1,1,1,1,1,0,0,0
DNAJB1,1,1,1,0,1,1,0,0,1
DNMT1,25,25,25,4,25,25,17,17,14
DNMT3A,7,7,7,2,6,6,6,6,4
DNPEP,2,2,2,2,2,2,1,1,0
DNTT,8,8,8,0,8,8,7,7,7
DOCK10,1,1,1,0,1,1,1,1,1
DOT1L,5,5,5,5,5,5,4,4,0
DPEP1,5,5,5,2,5,5,5,5,1
DPP4,53,53,53,38,53,53,34,34,3
DPP7,1,1,1,1,1,1,1,1,0
DPP8,3,3,3,3,3,3,2,2,0
DPP9,2,2,2,2,2,2,1,1,0
DPYD,20,20,20,0,20,20,16,16,13
DPYS,1,1,1,0,1,1,1,1,1
DPYSL2,1,1,1,0,1,1,1,1,0
DPYSL3,1,1,1,0,1,1,1,1,1
DR1,1,1,1,1,1,1,1,1,0
DRAM1,1,1,1,0,1,1,0,0,1
DRD1,101,101,101,47,101,101,95,95,0
DRD2,346,346,346,223,346,346,315,315,6
DRD3,141,141,141,108,141,141,124,124,0
DRD4,102,102,102,75,102,102,92,92,0
DRD5,52,52,52,38,52,52,45,45,0
DSG1,1,1,1,0,1,1,1,1,1
DSG3,1,1,1,0,1,1,0,0,0
DSP,1,1,1,0,1,1,1,1,1
DTYMK,3,3,3,0,3,3,3,3,3
DUSP1,3,3,3,0,3,3,2,2,3
DUSP6,3,3,3,0,3,3,3,3,3
DYRK1A,7,7,7,7,7,7,1,1,0
DYRK1B,6,6,6,6,6,6,2,2,0
DYRK2,3,3,3,3,3,3,0,0,0
DYRK3,2,2,2,2,2,2,0,0,0
DYRK4,1,1,1,1,1,1,0,0,0
E2F1,26,26,26,0,26,26,18,18,26
E2F2,3,3,3,0,3,3,2,2,0
E2F3,2,2,2,0,2,2,2,2,0
ECE1,6,6,6,4,6,6,4,4,0
ECE2,2,2,2,2,2,2,1,1,0
EDA,1,1,1,0,1,1,0,0,0
EDN1,17,17,17,1,17,17,10,10,16
EDN3,1,1,1,0,1,1,1,1,1
EDNRA,59,59,59,45,59,59,51,51,0
EDNRB,34,34,34,27,34,34,29,29,1
EED,1,1,1,1,1,1,1,1,0
EEF1A1,1,1,1,0,1,1,1,1,1
EEF2,3,3,3,1,3,3,3,3,0
EEF2K,1,1,1,1,1,1,0,0,0
EGF,4,4,4,1,4,4,2,2,1
EGFL7,4,4,4,3,4,4,2,2,0
EGFR,410,410,410,187,409,409,339,339,151
EGLN1,8,8,8,5,8,8,6,6,0
EGLN2,9,9,9,6,9,9,8,8,0
EGLN3,6,6,6,4,6,6,4,4,0
EGR2,1,1,1,0,1,1,1,1,1
EHMT1,4,4,4,4,4,4,3,3,0
EHMT2,6,6,6,6,6,6,3,3,0
EIF2AK1,1,1,1,1,1,1,0,0,0
EIF2AK2,7,7,7,3,7,7,3,3,4
EIF2AK3,2,2,2,2,2,2,1,1,0
EIF2AK4,1,1,1,1,1,1,0,0,0
EIF2B1,2,2,2,0,2,2,1,1,2
EIF2S1,1,1,1,0,1,1,1,1,1
EIF4E,8,8,8,2,8,8,4,4,5
EIF4EBP1,1,1,1,0,1,1,1,1,1
EIF4EBP2,1,1,1,1,1,1,0,0,0
EIF4G1,1,1,1,0,1,1,0,0,1
EIF5A,1,1,1,0,1,1,0,0,0
ELANE,21,21,21,12,21,21,11,11,2
ELAVL1,1,1,1,0,1,1,1,1,1
ELK1,1,1,1,0,1,1,1,1,1
ELN,2,2,2,0,2,2,2,2,0
EML4,16,16,16,0,16,16,13,13,15
EMP1,1,1,1,0,1,1,1,1,1
EMP2,1,1,1,0,1,1,0,0,1
ENG,3,3,3,2,3,3,3,3,0
ENO2,10,10,10,0,10,10,8,8,10
ENOSF1,3,3,3,0,3,3,3,3,3
ENPEP,1,1,1,1,1,1,1,1,0
ENPP2,4,4,4,4,4,4,0,0,0
ENTPD1,1,1,1,1,1,1,1,1,0
ENTPD2,1,1,1,1,1,1,1,1,0
ENUR1,2,2,2,2,2,2,2,2,0
EP300,10,10,10,10,10,10,5,5,0
EPAS1,1,1,1,1,1,1,0,0,0
EPCAM,31,31,31,3,31,31,16,16,17
EPHA1,3,3,3,3,3,3,1,1,0
EPHA10,1,1,1,1,1,1,1,1,0
EPHA2,12,12,12,7,11,11,9,9,2
EPHA3,5,5,5,4,5,5,2,2,0
EPHA4,2,2,2,2,2,2,1,1,0
EPHA5,2,2,2,2,2,2,1,1,0
EPHA6,1,1,1,1,1,1,1,1,0
EPHA7,3,3,3,3,3,3,1,1,0
EPHA8,5,5,5,2,5,5,2,2,3
EPHB1,4,4,4,2,4,4,2,2,2
EPHB2,2,2,2,2,2,2,1,1,0
EPHB3,2,2,2,2,2,2,1,1,0
EPHB4,10,10,10,9,10,10,8,8,0
EPHB6,1,1,1,1,1,1,1,1,0
EPHX1,2,2,2,0,2,2,1,1,1
EPHX2,1,1,1,0,1,1,1,1,0
EPO,7,7,7,0,7,7,5,5,7
EPOR,20,20,20,9,20,20,17,17,1
EPRS,1,1,1,0,1,1,1,1,0
ERAP1,2,2,2,2,2,2,1,1,0
ERAP2,2,2,2,2,2,2,1,1,0
ERBB2,366,366,366,113,366,366,291,291,170
ERBB3,54,54,54,29,54,54,42,42,13
ERBB4,52,52,52,31,51,51,44,44,7
ERCC1,5,5,5,0,5,5,3,3,5
ERCC2,6,6,6,0,6,6,2,2,5
ERCC4,1,1,1,0,1,1,0,0,0
ERCC6,4,4,4,0,4,4,3,3,3
EREG,3,3,3,0,3,3,3,3,3
ERG,10,10,10,10,10,10,10,10,0
ERN1,1,1,1,1,1,1,0,0,0
ESR1,183,183,183,75,182,182,170,170,9
ESR2,50,50,50,28,50,50,47,47,0
ESRRA,5,5,5,5,5,5,4,4,0
ESRRB,5,5,5,5,5,5,5,5,0
ESRRG,3,3,3,1,3,3,3,3,2
ETV1,1,1,1,0,1,1,1,1,1
ETV4,1,1,1,0,1,1,1,1,1
ETV5,1,1,1,0,1,1,1,1,1
ETV6,15,15,15,0,14,14,14,14,13
EZH1,1,1,1,1,1,1,0,0,0
EZH2,34,34,34,9,34,34,10,10,25
EZR,2,2,2,0,2,2,1,1,2
F10,56,56,56,23,56,56,40,40,0
F11,6,6,6,2,6,6,3,3,2
F12,2,2,2,1,2,2,1,1,0
F2,48,48,48,25,48,48,37,37,0
F2R,29,29,29,10,29,29,24,24,17
F2RL1,19,19,19,18,19,19,7,7,1
F2RL2,2,2,2,0,2,2,2,2,0
F2RL3,7,7,7,5,7,7,6,6,0
F5,9,9,9,3,9,9,8,8,0
F7,2,2,2,2,2,2,1,1,0
F8,16,16,16,4,16,16,11,11,4
F9,25,25,25,4,25,25,14,14,8
FAAH,24,24,24,18,24,24,10,10,3
FABP1,2,2,2,0,2,2,2,2,2
FABP3,1,1,1,1,1,1,0,0,0
FABP4,2,2,2,2,2,2,0,0,0
FABP5,1,1,1,1,1,1,0,0,0
FADD,1,1,1,0,1,1,1,1,1
FANCA,2,2,2,0,2,2,1,1,1
FANCC,6,6,6,0,6,6,4,4,5
FAP,1,1,1,1,1,1,0,0,0
FAS,30,30,30,0,30,30,22,22,28
FASLG,3,3,3,0,3,3,0,0,2
FASN,14,14,14,4,14,14,8,8,8
FBP1,2,2,2,1,2,2,0,0,0
FBP2,1,1,1,0,1,1,0,0,0
FBXW7,11,11,11,0,11,11,10,10,10
FCER1A,5,5,5,1,5,5,4,4,0
FCER1G,4,4,4,1,4,4,4,4,0
FCER2,4,4,4,2,4,4,2,2,1
FCGR1A,4,4,4,0,4,4,3,3,2
FCGR1CP,1,1,1,0,1,1,0,0,1
FCGR2A,1,1,1,1,1,1,1,1,0
FCGR2B,7,7,7,0,7,7,3,3,5
FCGR3A,42,42,42,0,42,42,28,28,42
FCGR3B,33,33,33,0,33,33,26,26,33
FDFT1,3,3,3,2,3,3,3,3,1
FDPS,39,39,39,28,39,39,31,31,0
FECH,1,1,1,1,1,1,1,1,0
FEN1,1,1,1,0,1,1,1,1,1
FER,3,3,3,3,3,3,0,0,0
FES,3,3,3,3,3,3,1,1,0
FFAR1,20,20,20,20,20,20,17,17,0
FFAR2,11,11,11,11,11,11,7,7,0
FFAR4,9,9,9,9,9,9,6,6,0
FGA,6,6,6,1,6,6,5,5,0
FGB,3,3,3,1,3,3,2,2,0
FGF1,3,3,3,1,3,3,3,3,0
FGF2,32,32,32,2,32,32,22,22,27
FGF23,1,1,1,1,1,1,1,1,0
FGF3,4,4,4,0,4,4,3,3,2
FGF4,5,5,5,0,5,5,5,5,1
FGF6,1,1,1,0,1,1,1,1,1
FGFR1,131,131,131,63,131,131,106,106,47
FGFR2,118,118,118,49,118,118,93,93,44
FGFR3,111,111,111,49,111,111,85,85,40
FGFR4,34,34,34,21,34,34,27,27,3
FGG,3,3,3,1,3,3,2,2,0
FGR,12,12,12,11,12,12,7,7,1
FH,1,1,1,0,1,1,1,1,1
FHIT,1,1,1,0,1,1,1,1,1
FIP1L1,1,1,1,0,1,1,1,1,0
FKBP1A,19,19,19,12,19,19,18,18,0
FKBP4,2,2,2,0,2,2,1,1,2
FLCN,1,1,1,0,1,1,1,1,0
FLG,1,1,1,0,1,1,0,0,1
FLT1,150,150,150,113,150,150,137,137,1
FLT3,190,190,190,99,189,189,160,160,69
FLT4,140,140,140,102,140,140,131,131,0
FN1,6,6,6,1,6,6,6,6,0
FNTA,6,6,6,3,6,6,5,5,0
FNTB,9,9,9,7,9,9,7,7,0
FOLH1,18,18,18,5,18,18,11,11,7
FOLR1,8,8,8,4,8,8,7,7,2
FOS,20,20,20,0,20,20,16,16,20
FOSL1,1,1,1,0,1,1,1,1,1
FOXE1,1,1,1,1,1,1,1,1,0
FOXJ1,3,3,3,3,3,3,1,1,0
FOXL2,1,1,1,0,0,0,0,0,1
FOXM1,1,1,1,1,1,1,0,0,0
FOXO1,1,1,1,0,1,1,1,1,1
FOXP3,1,1,1,0,1,1,1,1,1
FOXS1,1,1,1,1,1,1,0,0,0
FPGS,1,1,1,0,1,1,1,1,1
FPR1,32,32,32,32,32,32,18,18,0
FPR2,43,43,43,43,43,43,19,19,0
FPR3,8,8,8,8,8,8,4,4,0
FRA11F,1,1,1,1,1,1,1,1,0
FRK,10,10,10,10,10,10,9,9,0
FSHR,22,22,22,11,22,22,19,19,0
FST,16,16,16,0,16,16,5,5,16
FURIN,4,4,4,4,4,4,1,1,0
FUS,1,1,1,0,1,1,1,1,1
FXN,2,2,2,0,2,2,1,1,2
FXYD2,6,6,6,4,6,6,6,6,0
FYN,19,19,19,14,19,19,16,16,2
FZD1,1,1,1,1,1,1,1,1,0
FZD2,1,1,1,1,1,1,1,1,0
FZD5,1,1,1,1,1,1,1,1,0
FZD6,3,3,3,3,3,3,1,1,0
FZD7,1,1,1,1,1,1,1,1,0
FZD8,2,2,2,2,2,2,2,2,0
G6PD,52,52,52,0,52,52,42,42,19
GAA,9,9,9,5,9,9,8,8,0
GABBR1,18,18,18,7,18,18,17,17,2
GABBR2,24,24,24,18,24,24,20,20,0
GABPA,4,4,4,0,4,4,2,2,4
GABRA1,232,232,232,115,232,232,222,222,0
GABRA2,181,181,181,85,181,181,172,172,0
GABRA3,180,180,180,85,180,180,171,171,0
GABRA4,131,131,131,62,131,131,124,124,0
GABRA5,174,174,174,82,174,174,164,164,0
GABRA6,132,132,132,64,132,132,125,125,0
GABRB1,128,128,128,42,128,128,124,124,0
GABRB2,103,103,103,41,103,103,101,101,0
GABRB3,104,104,104,42,104,104,102,102,0
GABRD,97,97,97,40,97,97,95,95,0
GABRE,98,98,98,39,98,98,96,96,0
GABRG1,98,98,98,40,98,98,96,96,0
GABRG2,73,73,73,42,73,73,73,73,0
GABRG3,99,99,99,42,99,99,97,97,0
GABRP,95,95,95,37,95,95,93,93,0
GABRQ,80,80,80,39,80,80,78,78,0
GABRR1,62,62,62,13,62,62,56,56,0
GABRR2,61,61,61,13,61,61,55,55,0
GABRR3,61,61,61,13,61,61,55,55,0
GADD45A,7,7,7,0,7,7,4,4,7
GADD45G,1,1,1,0,1,1,0,0,1
GAK,1,1,1,1,1,1,1,1,0
GAL,5,5,5,0,5,5,4,4,5
GALC,1,1,1,0,1,1,1,1,1
GALK2,3,3,3,3,3,3,1,1,0
GALNS,1,1,1,0,1,1,0,0,0
GALP,2,2,2,0,2,2,2,2,2
GALR1,54,54,54,53,54,54,25,25,1
GALR2,57,57,57,57,57,57,25,25,0
GALR3,27,27,27,27,27,27,12,12,0
GAPDH,9,9,9,0,9,9,6,6,8
GART,3,3,3,1,3,3,3,3,0
GAS6,2,2,2,0,2,2,2,2,2
GAST,1,1,1,0,1,1,0,0,0
GATA1,3,3,3,0,2,2,2,2,3
GATA2,7,7,7,0,6,6,6,6,7
GATA4,1,1,1,0,1,1,0,0,1
GBA,2,2,2,1,2,2,2,2,0
GC,4,4,4,1,4,4,3,3,2
GCG,21,21,21,0,21,21,14,14,21
GCGR,22,22,22,19,22,22,17,17,0
GCK,9,9,9,7,9,9,4,4,0
GCLC,8,8,8,0,8,8,6,6,8
GCLM,7,7,7,0,7,7,4,4,7
GDA,2,2,2,0,2,2,2,2,2
GDF15,7,7,7,0,7,7,6,6,7
GDF2,2,2,2,1,2,2,2,2,0
GDNF,9,9,9,0,9,9,4,4,9
GFAP,44,44,44,0,44,44,30,30,44
GFER,1,1,1,0,1,1,1,1,1
GFRA1,3,3,3,0,3,3,0,0,1
GGCX,9,9,9,3,9,9,8,8,0
GGH,1,1,1,0,1,1,1,1,1
GGPS1,21,21,21,20,21,21,17,17,0
GGT1,29,29,29,0,29,29,24,24,29
GHR,27,27,27,15,27,27,14,14,0
GHRH,3,3,3,0,3,3,2,2,3
GHRHR,17,17,17,11,17,17,11,11,0
GHRL,17,17,17,0,17,17,13,13,15
GHSR,15,15,15,11,15,15,9,9,0
GIF,1,1,1,1,1,1,1,1,0
GIPR,7,7,7,6,7,7,2,2,0
GJA1,15,15,15,4,15,15,12,12,11
GJA4,4,4,4,4,4,4,4,4,0
GJA5,4,4,4,4,4,4,4,4,0
GJA8,4,4,4,4,4,4,4,4,0
GJB2,4,4,4,4,4,4,4,4,0
GJB3,4,4,4,4,4,4,4,4,0
GJB4,4,4,4,4,4,4,4,4,0
GJB5,4,4,4,4,4,4,4,4,0
GJB6,4,4,4,4,4,4,4,4,0
GJC2,4,4,4,4,4,4,4,4,0
GJD2,4,4,4,4,4,4,4,4,0
GJD3,4,4,4,4,4,4,4,4,0
GJD4,4,4,4,4,4,4,4,4,0
GJE1,4,4,4,4,4,4,4,4,0
GLA,2,2,2,1,2,2,2,2,0
GLI1,1,1,1,0,1,1,1,1,1
GLO1,1,1,1,0,1,1,1,1,1
GLP1R,50,50,50,28,50,50,25,25,0
GLP2R,6,6,6,5,6,6,5,5,0
GLRA1,14,14,14,1,14,14,14,14,0
GLRA2,1,1,1,0,1,1,1,1,0
GLRA3,15,15,15,14,15,15,10,10,0
GLRB,18,18,18,13,18,18,17,17,0
GLS,7,7,7,1,7,7,4,4,6
GLYB,1,1,1,1,1,1,0,0,0
GNA11,12,12,12,0,12,12,9,9,10
GNAQ,19,19,19,0,19,19,15,15,18
GNAS,2,2,2,0,2,2,1,1,2
GNG7,1,1,1,1,1,1,1,1,0
GNMT,1,1,1,0,1,1,1,1,1
GNRH1,21,21,21,4,21,21,16,16,15
GNRHR,89,89,89,67,89,89,71,71,1
GNRHR2,13,13,13,0,13,13,12,12,0
GP1BA,10,10,10,10,10,10,3,3,0
GP2,3,3,3,3,3,3,1,1,0
GP6,1,1,1,0,1,1,0,0,0
GPA33,1,1,1,0,1,1,1,1,0
GPBAR1,8,8,8,8,8,8,5,5,0
GPD2,2,2,2,1,2,2,2,2,1
GPER1,8,8,8,8,8,8,4,4,0
GPI,3,3,3,0,3,3,1,1,3
GPNMB,2,2,2,0,2,2,1,1,0
GPR1,2,2,2,2,2,2,0,0,0
GPR119,40,40,40,37,40,40,26,26,0
GPR139,7,7,7,7,7,7,2,2,0
GPR142,1,1,1,1,1,1,0,0,0
GPR143,1,1,1,1,1,1,1,1,0
GPR17,11,11,11,11,11,11,7,7,0
GPR174,1,1,1,1,1,1,0,0,0
GPR18,8,8,8,8,8,8,5,5,0
GPR183,8,8,8,8,8,8,3,3,0
GPR19,1,1,1,1,1,1,0,0,0
GPR3,2,2,2,2,2,2,2,2,0
GPR34,1,1,1,1,1,1,0,0,0
GPR35,7,7,7,7,7,7,6,6,0
GPR37,2,2,2,2,2,2,0,0,0
GPR37L1,1,1,1,1,1,1,0,0,0
GPR39,3,3,3,3,3,3,3,3,0
GPR52,1,1,1,1,1,1,0,0,0
GPR55,29,29,29,29,29,29,18,18,0
GPR68,1,1,1,1,1,1,1,1,0
GPR75,1,1,1,1,1,1,0,0,0
GPR84,8,8,8,8,8,8,4,4,0
GPR87,3,3,3,3,3,3,1,1,0
GPR88,1,1,1,1,1,1,0,0,0
GPRC6A,8,8,8,8,8,8,7,7,0
GPT,3,3,3,0,3,3,2,2,3
GPX1,1,1,1,0,1,1,0,0,1
GRB14,1,1,1,0,1,1,0,0,1
GRB2,5,5,5,0,5,5,1,1,4
GRIA1,55,55,55,35,55,55,48,48,4
GRIA2,63,63,63,33,63,63,56,56,0
GRIA3,21,21,21,13,21,21,18,18,2
GRIA4,42,42,42,33,42,42,35,35,2
GRIK1,30,30,30,26,30,30,26,26,0
GRIK2,38,38,38,13,38,38,35,35,0
GRIK3,4,4,4,3,4,4,4,4,0
GRIK4,10,10,10,9,10,10,9,9,0
GRIK5,1,1,1,0,1,1,1,1,0
GRIN1,47,47,47,21,47,47,43,43,1
GRIN2A,61,61,61,55,61,61,54,54,0
GRIN2B,78,78,78,59,78,78,68,68,0
GRIN2C,64,64,64,52,64,64,56,56,1
GRIN2D,31,31,31,17,31,31,29,29,0
GRIN3A,41,41,41,17,41,41,38,38,0
GRIN3B,30,30,30,17,30,30,28,28,0
GRK1,1,1,1,1,1,1,1,1,0
GRK3,10,10,10,10,10,10,6,6,0
GRK4,1,1,1,1,1,1,1,1,0
GRK5,1,1,1,1,1,1,0,0,0
GRK6,1,1,1,1,1,1,1,1,0
GRK7,1,1,1,1,1,1,1,1,0
GRM1,50,50,50,44,50,50,31,31,6
GRM2,47,47,47,43,47,47,27,27,1
GRM3,25,25,25,23,25,25,17,17,0
GRM4,26,26,26,26,26,26,16,16,0
GRM5,23,23,23,15,23,23,20,20,2
GRM6,13,13,13,13,13,13,10,10,0
GRM7,20,20,20,20,20,20,14,14,0
GRM8,14,14,14,14,14,14,12,12,0
GRP,10,10,10,0,10,10,7,7,10
GRPR,32,32,32,32,32,32,12,12,0
GSK3A,11,11,11,10,11,11,10,10,0
GSK3B,40,40,40,39,40,40,27,27,0
GSR,37,37,37,15,37,37,31,31,18
GSTA1,3,3,3,0,3,3,2,2,3
GSTM1,15,15,15,0,15,15,11,11,15
GSTO1,1,1,1,0,1,1,1,1,1
GSTP1,52,52,52,1,52,52,43,43,49
GSTT1,4,4,4,0,4,4,3,3,4
GTF2B,3,3,3,0,3,3,0,0,3
GUCA2A,3,3,3,0,3,3,3,3,3
GUCA2B,2,2,2,0,2,2,2,2,2
GUCY1A2,15,15,15,10,15,15,13,13,0
GUCY1A3,7,7,7,6,7,7,7,7,0
GUCY1B2,7,7,7,6,7,7,7,7,0
GUCY1B3,7,7,7,6,7,7,7,7,0
GUCY2C,14,14,14,10,14,14,10,10,0
GUCY2F,2,2,2,2,2,2,2,2,0
GYPA,5,5,5,0,5,5,4,4,4
GZMA,3,3,3,0,3,3,2,2,3
GZMB,1,1,1,1,1,1,1,1,0
H19,1,1,1,0,1,1,0,0,1
H2AFX,4,4,4,0,4,4,4,4,4
HAS3,2,2,2,0,2,2,2,2,2
HASPIN,1,1,1,1,1,1,1,1,0
HAVCR2,2,2,2,0,2,2,0,0,2
HBA2,1,1,1,1,1,1,1,1,0
HBB,4,4,4,3,4,4,2,2,0
HBEGF,1,1,1,0,1,1,0,0,1
HCAR1,6,6,6,6,6,6,5,5,0
HCAR2,32,32,32,27,32,32,20,20,0
HCAR3,5,5,5,0,5,5,3,3,0
HCK,14,14,14,11,14,14,10,10,2
HCN1,5,5,5,5,5,5,4,4,0
HCN2,4,4,4,4,4,4,3,3,0
HCN3,5,5,5,5,5,5,4,4,0
HCN4,8,8,8,8,8,8,7,7,0
HCRTR1,32,32,32,30,32,32,27,27,0
HCRTR2,5,5,5,3,5,5,5,5,0
HDAC1,108,108,108,92,108,108,89,89,0
HDAC10,32,32,32,20,32,32,30,30,0
HDAC11,23,23,23,14,23,23,22,22,0
HDAC2,59,59,59,43,59,59,54,54,0
HDAC3,65,65,65,48,65,65,56,56,0
HDAC4,43,43,43,34,43,43,40,40,0
HDAC5,38,38,38,29,38,38,37,37,0
HDAC6,52,52,52,38,52,52,45,45,0
HDAC7,47,47,47,38,47,47,46,46,0
HDAC8,50,50,50,38,50,50,45,45,0
HDAC9,37,37,37,26,37,37,36,36,0
HDC,5,5,5,3,5,5,3,3,1
HDGF,1,1,1,0,1,1,0,0,1
HEBP1,1,1,1,1,1,1,1,1,0
HERC2,1,1,1,0,1,1,1,1,1
HES1,1,1,1,0,1,1,1,1,1
HEXB,10,10,10,0,10,10,9,9,10
HGF,28,28,28,8,28,28,22,22,16
HIF1A,17,17,17,3,16,16,9,9,7
HIPK1,1,1,1,1,1,1,1,1,0
HIPK2,3,3,3,2,3,3,1,1,0
HIPK3,1,1,1,1,1,1,1,1,0
HIST3H2A,6,6,6,0,6,6,4,4,6
HIST4H4,2,2,2,0,2,2,2,2,2
HK1,1,1,1,0,1,1,0,0,1
HLA-A,4,4,4,0,4,4,1,1,3
HLA-B,9,9,9,0,9,9,7,7,4
HLA-C,1,1,1,0,1,1,0,0,1
HLA-DQA1,2,2,2,0,2,2,1,1,1
HLA-DRA,3,3,3,0,3,3,3,3,3
HLA-DRB1,2,2,2,0,2,2,2,2,0
HLA-DRB2,1,1,1,1,1,1,1,1,0
HLA-DRB3,1,1,1,0,1,1,1,1,0
HLA-DRB4,1,1,1,0,1,1,1,1,0
HLA-DRB5,1,1,1,0,1,1,1,1,0
HMBS,1,1,1,0,1,1,0,0,0
HMGB1,19,19,19,0,19,19,12,12,19
HMGCR,71,71,71,56,71,71,53,53,0
HMGCS1,1,1,1,1,1,1,1,1,0
HMMR,1,1,1,0,1,1,1,1,0
HMOX1,11,11,11,2,11,11,4,4,8
HMOX2,5,5,5,0,5,5,2,2,4
HNF1A,1,1,1,0,0,0,0,0,1
HNF4A,11,11,11,2,11,11,7,7,9
HNMT,1,1,1,1,1,1,0,0,0
HOXA9,1,1,1,0,1,1,1,1,1
HOXB1,3,3,3,0,3,3,2,2,3
HOXD1,1,1,1,0,1,1,1,1,1
HP,5,5,5,0,5,5,3,3,5
HPD,4,4,4,1,4,4,3,3,1
HPGD,4,4,4,1,4,4,2,2,3
HPGDS,1,1,1,1,1,1,1,1,0
HPN,2,2,2,0,2,2,2,2,0
HPRT1,5,5,5,0,5,5,4,4,2
HPSE,10,10,10,2,10,10,3,3,4
HRAS,64,64,64,1,64,64,48,48,58
HRH1,319,319,319,201,319,319,298,298,0
HRH2,48,48,48,33,48,48,46,46,0
HRH3,14,14,14,11,14,14,13,13,0
HRH4,47,47,47,44,47,47,39,39,0
HSD11B1,7,7,7,6,7,7,6,6,0
HSD11B2,1,1,1,0,1,1,1,1,1
HSD3B1,2,2,2,0,2,2,2,2,0
HSD3B2,3,3,3,1,3,3,3,3,0
HSF1,2,2,2,0,2,2,1,1,1
HSP90AA1,32,32,32,21,32,32,25,25,0
HSP90AA2P,7,7,7,5,7,7,6,6,0
HSP90AB1,20,20,20,9,20,20,17,17,0
HSP90B1,2,2,2,2,2,2,1,1,0
HSPA1A,1,1,1,0,1,1,0,0,0
HSPA4,45,45,45,0,45,45,35,35,45
HSPA5,1,1,1,0,1,1,1,1,1
HSPA8,9,9,9,2,9,9,7,7,7
HSPA9,1,1,1,0,1,1,1,1,1
HSPB1,12,12,12,2,12,12,4,4,9
HSPB2,13,13,13,0,13,13,9,9,13
HSPD1,2,2,2,0,2,2,2,2,2
HSPG2,2,2,2,0,2,2,2,2,1
HTR1A,193,193,193,158,193,193,173,173,0
HTR1B,114,114,114,92,114,114,105,105,0
HTR1D,127,127,127,104,127,127,117,117,0
HTR1E,48,48,48,47,48,48,43,43,0
HTR1F,50,50,50,43,50,50,45,45,0
HTR2A,273,273,273,198,273,273,247,247,4
HTR2B,119,119,119,100,119,119,102,102,0
HTR2C,167,167,167,130,167,167,148,148,0
HTR3A,57,57,57,26,57,57,50,50,0
HTR3B,26,26,26,20,26,26,21,21,0
HTR3C,7,7,7,2,7,7,6,6,0
HTR3D,7,7,7,2,7,7,6,6,0
HTR3E,7,7,7,2,7,7,6,6,0
HTR4,21,21,21,14,21,21,19,19,5
HTR5A,22,22,22,21,22,22,19,19,0
HTR6,76,76,76,65,76,76,65,65,0
HTR7,15,15,15,1,15,15,15,15,3
HTRA1,1,1,1,0,1,1,1,1,1
HTT,37,37,37,35,37,37,36,36,1
HUS1,1,1,1,0,1,1,1,1,1
HVCN1,2,2,2,2,2,2,2,2,0
HYAL2,3,3,3,0,3,3,2,2,3
IBSP,5,5,5,0,5,5,4,4,5
ICAM1,8,8,8,3,8,8,7,7,0
ICAM2,1,1,1,0,1,1,0,0,1
ICAM3,8,8,8,1,8,8,6,6,7
IDE,4,4,4,4,4,4,2,2,0
IDH1,37,37,37,2,36,36,20,20,30
IDH2,15,15,15,1,15,15,7,7,9
IDI1,1,1,1,1,1,1,1,1,0
IDO1,12,12,12,11,11,11,7,7,0
IDS,1,1,1,0,1,1,1,1,0
IFI27,4,4,4,0,4,4,2,2,4
IFIT2,1,1,1,0,1,1,0,0,1
IFNA1,11,11,11,1,11,11,3,3,10
IFNAR1,47,47,47,10,47,47,39,39,0
IFNAR2,44,44,44,38,44,44,27,27,0
IFNG,29,29,29,4,29,29,24,24,24
IFNGR1,7,7,7,3,7,7,6,6,1
IFNGR2,4,4,4,1,4,4,3,3,0
IFNL3,14,14,14,0,14,14,14,14,0
IFNLR1,5,5,5,4,5,5,4,4,0
IGF1,3,3,3,1,3,3,1,1,0
IGF1R,82,82,82,63,81,81,74,74,4
IGF2,16,16,16,1,16,16,12,12,15
IGFBP1,13,13,13,0,13,13,9,9,13
IGFBP4,1,1,1,0,1,1,1,1,1
IGFBP5,2,2,2,0,2,2,1,1,2
IGFBP6,1,1,1,0,1,1,0,0,1
IGHE,9,9,9,9,9,9,9,9,0
IGHG1,1,1,1,0,1,1,0,0,0
IHH,1,1,1,0,1,1,0,0,1
IKBKB,18,18,18,13,18,18,17,17,0
IKBKE,7,7,7,7,7,7,3,3,0
IKZF1,2,2,2,0,1,1,1,1,2
IL10,17,17,17,1,17,17,13,13,16
IL10RB,2,2,2,1,2,2,1,1,0
IL11,8,8,8,0,8,8,6,6,8
IL11RA,4,4,4,2,4,4,4,4,0
IL12A,10,10,10,2,10,10,4,4,0
IL12B,16,16,16,5,16,16,9,9,0
IL12RB2,3,3,3,0,3,3,2,2,0
IL13,9,9,9,6,9,9,9,9,0
IL13RA1,4,4,4,2,4,4,2,2,0
IL13RA2,3,3,3,0,3,3,2,2,0
IL15,18,18,18,3,18,18,12,12,14
IL17A,13,13,13,4,13,13,12,12,8
IL17B,1,1,1,0,1,1,1,1,0
IL17C,1,1,1,0,1,1,1,1,0
IL17F,5,5,5,0,5,5,2,2,5
IL17RA,6,6,6,6,6,6,3,3,0
IL17RB,2,2,2,2,2,2,2,2,0
IL17RC,1,1,1,0,1,1,0,0,1
IL18,13,13,13,3,13,13,6,6,10
IL1A,7,7,7,1,7,7,6,6,3
IL1B,48,48,48,10,48,48,38,38,31
IL1R1,23,23,23,8,23,23,14,14,12
IL1R2,3,3,3,1,3,3,2,2,0
IL1RN,2,2,2,0,2,2,2,2,1
IL2,53,53,53,0,53,53,38,38,53
IL21R,1,1,1,0,1,1,1,1,0
IL22,1,1,1,1,1,1,1,1,0
IL23A,10,10,10,5,10,10,10,10,0
IL24,1,1,1,0,1,1,0,0,0
IL25,1,1,1,0,1,1,1,1,0
IL27,1,1,1,0,1,1,0,0,1
IL2RA,66,66,66,4,66,66,48,48,45
IL2RB,17,17,17,9,17,17,14,14,0
IL2RG,12,12,12,3,12,12,9,9,0
IL31RA,3,3,3,3,3,3,2,2,0
IL3RA,3,3,3,0,3,3,2,2,2
IL4,1,1,1,1,1,1,1,1,0
IL4R,9,9,9,4,9,9,5,5,0
IL5,9,9,9,2,9,9,7,7,5
IL5RA,2,2,2,1,2,2,2,2,0
IL6,38,38,38,9,38,38,24,24,27
IL6R,19,19,19,11,19,19,14,14,3
IL6ST,1,1,1,1,1,1,1,1,0
IL7,6,6,6,0,6,6,3,3,6
IL7R,3,3,3,0,3,3,1,1,2
IL9,3,3,3,2,3,3,3,3,0
IL9R,1,1,1,0,1,1,0,0,1
ILF3,2,2,2,0,2,2,1,1,2
ILK,1,1,1,1,1,1,0,0,0
IMPA1,3,3,3,3,3,3,2,2,0
IMPDH1,15,15,15,10,15,15,13,13,0
IMPDH2,15,15,15,10,15,15,14,14,0
INHA,1,1,1,0,1,1,0,0,1
INHBA,1,1,1,1,1,1,1,1,0
INHBE,1,1,1,0,1,1,1,1,1
INPP1,1,1,1,0,1,1,1,1,1
INPP5A,1,1,1,1,1,1,0,0,0
INPP5D,2,2,2,2,2,2,0,0,0
INPPL1,2,2,2,1,2,2,0,0,1
INSR,64,64,64,57,64,64,57,57,0
INSRR,1,1,1,1,1,1,1,1,0
IPO11,1,1,1,0,1,1,1,1,0
IPO13,1,1,1,0,1,1,1,1,0
IPO4,1,1,1,0,1,1,1,1,0
IPO7,1,1,1,0,1,1,1,1,0
IPO8,1,1,1,0,1,1,1,1,0
IPO9,1,1,1,0,1,1,1,1,0
IRAK1,3,3,3,3,3,3,1,1,0
IRAK3,1,1,1,1,1,1,0,0,0
IRAK4,8,8,8,7,8,8,1,1,1
IRF1,1,1,1,0,1,1,0,0,1
IRF2,2,2,2,0,2,2,1,1,2
IRF3,1,1,1,0,1,1,0,0,1
IRS1,5,5,5,0,5,5,4,4,4
IRS2,3,3,3,0,3,3,2,2,3
ISG15,1,1,1,1,1,1,1,1,0
ITGA1,1,1,1,0,1,1,0,0,0
ITGA11,1,1,1,0,1,1,0,0,1
ITGA2,6,6,6,6,6,6,5,5,0
ITGA2B,15,15,15,4,15,15,14,14,5
ITGA3,1,1,1,0,1,1,0,0,0
ITGA4,17,17,17,11,17,17,13,13,0
ITGA5,11,11,11,5,11,11,7,7,2
ITGAL,40,40,40,7,40,40,31,31,28
ITGAM,13,13,13,1,13,13,10,10,12
ITGAV,18,18,18,12,18,18,15,15,1
ITGAX,3,3,3,0,3,3,1,1,3
ITGB1,24,24,24,15,24,24,15,15,0
ITGB2,43,43,43,8,43,43,34,34,34
ITGB3,20,20,20,9,20,20,19,19,0
ITGB5,7,7,7,4,7,7,6,6,0
ITGB6,4,4,4,3,4,4,3,3,0
ITGB7,10,10,10,8,10,10,9,9,0
ITK,7,7,7,7,7,7,4,4,0
ITPKA,1,1,1,1,1,1,1,1,0
ITPKB,1,1,1,1,1,1,1,1,0
ITPR1,1,1,1,1,1,1,1,1,0
ITPR2,5,5,5,5,5,5,5,5,0
ITPR3,3,3,3,3,3,3,3,3,0
IVL,4,4,4,0,4,4,3,3,4
JAG1,1,1,1,0,1,1,1,1,1
JAK1,44,44,44,35,44,44,41,41,5
JAK2,99,99,99,59,99,99,84,84,29
JAK3,51,51,51,41,51,51,42,42,6
JMJD6,3,3,3,0,3,3,3,3,0
JUN,5,5,5,1,5,5,4,4,2
JUNB,4,4,4,0,4,4,1,1,4
JUND,1,1,1,0,1,1,1,1,1
KAT2B,8,8,8,8,8,8,4,4,0
KAT5,1,1,1,1,1,1,1,1,0
KAT8,1,1,1,1,1,1,1,1,0
KCNA1,19,19,19,6,19,19,16,16,3
KCNA10,11,11,11,11,11,11,9,9,0
KCNA2,8,8,8,6,8,8,6,6,2
KCNA3,9,9,9,9,9,9,7,7,0
KCNA4,5,5,5,4,5,5,5,5,1
KCNA5,22,22,22,18,22,22,19,19,4
KCNA6,8,8,8,8,8,8,4,4,0
KCNA7,9,9,9,9,9,9,7,7,0
KCNB1,8,8,8,8,8,8,5,5,0
KCNB2,9,9,9,9,9,9,6,6,0
KCNC1,4,4,4,4,4,4,4,4,0
KCNC2,5,5,5,5,5,5,4,4,0
KCNC3,4,4,4,4,4,4,4,4,0
KCNC4,4,4,4,4,4,4,4,4,0
KCND1,4,4,4,4,4,4,4,4,0
KCND2,4,4,4,4,4,4,4,4,0
KCND3,7,7,7,7,7,7,7,7,0
KCNE1,3,3,3,0,3,3,3,3,0
KCNF1,4,4,4,4,4,4,4,4,0
KCNG1,4,4,4,4,4,4,4,4,0
KCNG2,4,4,4,4,4,4,4,4,0
KCNG3,4,4,4,4,4,4,4,4,0
KCNH1,15,15,15,15,15,15,11,11,0
KCNH2,46,46,46,28,46,46,35,35,4
KCNH3,5,5,5,5,5,5,4,4,0
KCNH4,4,4,4,4,4,4,4,4,0
KCNH5,6,6,6,6,6,6,5,5,0
KCNH6,7,7,7,7,7,7,4,4,0
KCNH7,4,4,4,4,4,4,4,4,0
KCNH8,5,5,5,5,5,5,5,5,0
KCNJ1,24,24,24,2,24,24,24,24,0
KCNJ10,11,11,11,10,11,11,11,11,0
KCNJ11,35,35,35,14,35,35,34,34,5
KCNJ12,3,3,3,1,3,3,3,3,0
KCNJ13,3,3,3,3,3,3,2,2,0
KCNJ14,4,4,4,4,4,4,3,3,0
KCNJ2,1,1,1,1,1,1,1,1,0
KCNJ3,7,7,7,4,7,7,5,5,2
KCNJ4,12,12,12,12,12,12,10,10,0
KCNJ5,5,5,5,2,5,5,5,5,0
KCNJ6,3,3,3,2,3,3,2,2,0
KCNJ8,5,5,5,0,5,5,5,5,0
KCNJ9,2,2,2,1,2,2,2,2,0
KCNK10,5,5,5,0,5,5,5,5,0
KCNK13,1,1,1,1,1,1,1,1,0
KCNK18,6,6,6,1,6,6,6,6,0
KCNK2,7,7,7,0,7,7,7,7,0
KCNK3,9,9,9,4,9,9,9,9,0
KCNK4,2,2,2,2,2,2,2,2,0
KCNK9,9,9,9,4,9,9,9,9,0
KCNMA1,21,21,21,11,21,21,12,12,0
KCNN1,20,20,20,20,20,20,12,12,0
KCNN2,15,15,15,15,15,15,10,10,0
KCNN4,25,25,25,24,25,25,19,19,0
KCNQ1,27,27,27,18,27,27,21,21,2
KCNQ2,8,8,8,6,8,8,7,7,0
KCNQ3,9,9,9,7,9,9,7,7,0
KCNQ4,20,20,20,18,20,20,16,16,0
KCNQ5,15,15,15,13,15,15,12,12,0
KCNS1,4,4,4,4,4,4,4,4,0
KCNS2,4,4,4,4,4,4,4,4,0
KCNS3,4,4,4,4,4,4,4,4,0
KCNT1,4,4,4,4,4,4,3,3,0
KCNT2,6,6,6,6,6,6,4,4,0
KCNU1,3,3,3,3,3,3,1,1,0
KCNV1,4,4,4,4,4,4,4,4,0
KCNV2,4,4,4,4,4,4,4,4,0
KDM1A,7,7,7,7,7,7,3,3,0
KDM2A,2,2,2,2,2,2,1,1,0
KDM3A,1,1,1,1,1,1,1,1,0
KDM4A,2,2,2,2,2,2,0,0,0
KDM4C,1,1,1,1,1,1,1,1,0
KDM4E,2,2,2,2,2,2,0,0,0
KDM5A,2,2,2,2,2,2,1,1,0
KDM5B,3,3,3,3,3,3,1,1,0
KDM5C,4,4,4,4,4,4,1,1,0
KDM6A,3,3,3,2,3,3,0,0,1
KDM6B,3,3,3,3,3,3,1,1,0
KDM7A,1,1,1,1,1,1,1,1,0
KDR,292,292,292,224,292,292,265,265,16
KEAP1,2,2,2,2,2,2,2,2,0
KIF11,10,10,10,5,10,10,4,4,0
KIR2DL1,2,2,2,2,2,2,2,2,0
KIR2DL2,2,2,2,2,2,2,2,2,0
KIR2DL3,3,3,3,2,3,3,2,2,1
KIR3DL3,1,1,1,0,0,0,0,0,0
KISS1R,2,2,2,2,2,2,1,1,0
KIT,186,186,186,114,185,185,170,170,46
KLK1,3,3,3,1,3,3,2,2,0
KLK14,2,2,2,2,2,2,0,0,0
KLK2,2,2,2,2,2,2,0,0,0
KLK3,30,30,30,3,30,30,21,21,25
KLK4,2,2,2,2,2,2,1,1,0
KLK5,2,2,2,2,2,2,0,0,0
KLK6,1,1,1,1,1,1,0,0,0
KLK7,2,2,2,2,2,2,0,0,0
KLKB1,4,4,4,2,4,4,1,1,0
KLRC1,1,1,1,1,1,1,0,0,0
KMO,1,1,1,1,1,1,0,0,0
KMT2A,21,21,21,0,20,20,14,14,20
KMT2D,1,1,1,0,1,1,1,1,0
KMT5A,1,1,1,1,1,1,0,0,0
KMT5B,1,1,1,1,1,1,0,0,0
KMT5C,1,1,1,1,1,1,0,0,0
KRAS,295,295,295,6,294,294,227,227,239
KRT10,2,2,2,0,2,2,0,0,2
KRT17,2,2,2,0,2,2,0,0,2
KRT18,4,4,4,0,4,4,3,3,4
KRT19,2,2,2,0,2,2,2,2,2
KRT20,2,2,2,0,2,2,1,1,2
KRT6A,1,1,1,0,1,1,0,0,0
KYAT1,1,1,1,1,1,1,0,0,0
L3MBTL3,1,1,1,1,1,1,0,0,0
LAG3,1,1,1,1,1,1,0,0,0
LAMA1,1,1,1,0,1,1,1,1,0
LAMA2,1,1,1,0,1,1,1,1,0
LAMA3,1,1,1,0,1,1,1,1,0
LAMA4,1,1,1,0,1,1,1,1,0
LAMA5,2,2,2,0,2,2,2,2,1
LAMB1,2,2,2,0,2,2,1,1,1
LAMB2,2,2,2,0,2,2,2,2,0
LAMB3,1,1,1,0,1,1,1,1,0
LAMB4,1,1,1,0,1,1,1,1,0
LAMC2,1,1,1,0,1,1,1,1,0
LAMC3,1,1,1,0,1,1,1,1,0
LAMP1,1,1,1,0,1,1,1,1,1
LAP3,1,1,1,1,1,1,1,1,0
LATS2,1,1,1,1,1,1,0,0,0
LCAT,4,4,4,0,4,4,4,4,4
LCK,30,30,30,27,30,30,22,22,0
LCT,1,1,1,0,1,1,1,1,1
LDHA,1,1,1,0,1,1,0,0,1
LDLR,22,22,22,0,22,22,18,18,22
LEP,21,21,21,0,21,21,17,17,21
LEPR,1,1,1,1,1,1,1,1,0
LGALS2,1,1,1,0,1,1,1,1,1
LGMN,1,1,1,1,1,1,0,0,0
LGR4,4,4,4,4,4,4,1,1,0
LGR5,4,4,4,4,4,4,1,1,0
LHCGR,22,22,22,10,22,22,17,17,0
LIF,19,19,19,0,19,19,14,14,19
LIG1,2,2,2,0,2,2,2,2,0
LIMK1,5,5,5,5,5,5,0,0,0
LIMK2,5,5,5,5,5,5,0,0,0
LINGO1,2,2,2,2,2,2,2,2,0
LIPA,5,5,5,0,5,5,4,4,5
LIPC,4,4,4,0,4,4,4,4,4
LIPE,4,4,4,1,4,4,4,4,3
LIPF,3,3,3,1,3,3,3,3,0
LIPG,1,1,1,1,1,1,1,1,0
LMO2,1,1,1,0,1,1,1,1,1
LNPEP,3,3,3,3,3,3,1,1,0
LOH19CR1,7,7,7,0,7,7,5,5,7
LOXL2,2,2,2,2,2,2,2,2,0
LPAR1,19,19,19,18,19,19,3,3,0
LPAR2,11,11,11,8,11,11,7,7,3
LPAR3,14,14,14,14,14,14,7,7,0
LPAR4,6,6,6,5,6,6,2,2,0
LPAR5,5,5,5,5,5,5,2,2,0
LPAR6,2,2,2,1,2,2,0,0,0
LPL,26,26,26,2,26,26,19,19,22
LPO,3,3,3,0,3,3,3,3,3
LRP1,1,1,1,0,1,1,0,0,1
LRP1B,2,2,2,0,2,2,1,1,1
LRRK2,9,9,9,9,9,9,1,1,0
LSS,11,11,11,11,11,11,7,7,0
LTA,4,4,4,3,4,4,3,3,0
LTA4H,9,9,9,5,9,9,5,5,3
LTB,2,2,2,1,2,2,2,2,0
LTB4R,8,8,8,7,8,8,5,5,1
LTB4R2,10,10,10,9,10,10,2,2,0
LTC4S,3,3,3,3,3,3,0,0,0
LTF,2,2,2,0,2,2,2,2,2
LTK,1,1,1,1,1,1,0,0,0
LUM,1,1,1,0,1,1,1,1,1
LVRN,1,1,1,1,1,1,1,1,0
LY96,3,3,3,3,3,3,1,1,0
LYN,24,24,24,23,24,24,18,18,0
M6PR,2,2,2,2,2,2,2,2,0
MADCAM1,2,2,2,2,2,2,2,2,0
MAG,1,1,1,1,1,1,1,1,0
MAGEA1,3,3,3,0,3,3,3,3,3
MAGEA12,1,1,1,1,1,1,0,0,0
MAGEA3,5,5,5,2,5,5,2,2,2
MAOA,28,28,28,17,28,28,26,26,0
MAOB,45,45,45,25,45,45,42,42,6
MAP2,2,2,2,0,2,2,2,2,2
MAP2K1,113,113,113,63,112,112,102,102,30
MAP2K2,61,61,61,47,60,60,55,55,0
MAP2K3,11,11,11,9,11,11,11,11,1
MAP2K4,11,11,11,10,11,11,11,11,0
MAP2K5,11,11,11,10,11,11,11,11,0
MAP2K6,10,10,10,9,10,10,10,10,0
MAP2K7,18,18,18,17,18,18,17,17,0
MAP3K1,2,2,2,2,2,2,2,2,0
MAP3K10,3,3,3,3,3,3,1,1,0
MAP3K11,4,4,4,4,4,4,1,1,0
MAP3K12,1,1,1,1,1,1,1,1,0
MAP3K13,2,2,2,2,2,2,2,2,0
MAP3K14,1,1,1,1,1,1,0,0,0
MAP3K19,1,1,1,1,1,1,0,0,0
MAP3K2,1,1,1,1,1,1,0,0,0
MAP3K20,1,1,1,1,1,1,0,0,0
MAP3K3,1,1,1,1,1,1,0,0,0
MAP3K5,4,4,4,4,4,4,2,2,0
MAP3K6,1,1,1,1,1,1,0,0,0
MAP3K7,6,6,6,6,6,6,3,3,0
MAP3K8,2,2,2,2,2,2,2,2,0
MAP3K9,7,7,7,7,7,7,4,4,0
MAP4K2,1,1,1,1,1,1,0,0,0
MAP4K3,1,1,1,1,1,1,0,0,0
MAP4K4,2,2,2,2,2,2,0,0,0
MAP4K5,1,1,1,1,1,1,1,1,0
MAPK1,29,29,29,10,29,29,21,21,17
MAPK10,31,31,31,11,31,31,20,20,18
MAPK11,19,19,19,11,19,19,19,19,0
MAPK12,19,19,19,11,19,19,18,18,0
MAPK13,10,10,10,2,10,10,10,10,0
MAPK14,97,97,97,60,97,97,84,84,26
MAPK15,1,1,1,1,1,1,0,0,0
MAPK3,20,20,20,6,20,20,13,13,12
MAPK7,5,5,5,4,5,5,2,2,0
MAPK8,37,37,37,11,37,37,22,22,24
MAPK9,12,12,12,8,12,12,9,9,2
MAPKAP1,3,3,3,3,3,3,3,3,0
MAPKAPK2,8,8,8,7,8,8,7,7,1
MAPKAPK3,1,1,1,1,1,1,1,1,0
MAPKAPK5,4,4,4,3,4,4,3,3,0
MAPT,1,1,1,0,1,1,0,0,0
MARCKSL1,6,6,6,0,6,6,4,4,6
MARK1,1,1,1,1,1,1,1,1,0
MARK2,2,2,2,0,2,2,1,1,2
MARK3,2,2,2,2,2,2,1,1,0
MAS1,6,6,6,6,6,6,1,1,0
MAST3,1,1,1,1,1,1,0,0,0
MAT1A,1,1,1,0,1,1,0,0,1
MATK,3,3,3,0,3,3,1,1,3
MAZ,1,1,1,0,1,1,0,0,1
MBL2,1,1,1,0,1,1,1,1,1
MBP,7,7,7,0,7,7,5,5,6
MBTPS1,1,1,1,1,1,1,0,0,0
MC1R,16,16,16,13,16,16,11,11,0
MC2R,19,19,19,11,19,19,16,16,4
MC3R,18,18,18,18,18,18,11,11,0
MC4R,29,29,29,27,29,29,16,16,0
MC5R,11,11,11,11,11,11,8,8,0
MCHR1,48,48,48,46,48,48,17,17,0
MCHR2,7,7,7,7,7,7,0,0,0
MCL1,17,17,17,3,17,17,11,11,13
MCOLN1,1,1,1,1,1,1,1,1,0
MCOLN3,4,4,4,4,4,4,3,3,0
MDH2,5,5,5,0,5,5,1,1,5
MDK,1,1,1,0,1,1,1,1,1
MDM2,10,10,10,1,10,10,1,1,8
MDM4,1,1,1,0,1,1,0,0,1
ME3,2,2,2,0,2,2,2,2,2
MELK,2,2,2,2,2,2,0,0,0
MERTK,6,6,6,4,6,6,3,3,1
MET,223,223,223,106,221,221,192,192,88
METAP1,2,2,2,2,2,2,1,1,0
METAP1D,1,1,1,1,1,1,1,1,0
METAP2,6,6,6,3,6,6,1,1,0
MFGE8,1,1,1,0,1,1,0,0,0
MGA,2,2,2,2,2,2,2,2,0
MGAM,10,10,10,4,10,10,10,10,0
MGEA5,1,1,1,0,1,1,1,1,1
MGLL,4,4,4,4,4,4,1,1,0
MGMT,36,36,36,0,36,36,23,23,35
MIA,3,3,3,0,3,3,1,1,3
MICA,1,1,1,0,1,1,0,0,1
MIF,3,3,3,0,3,3,1,1,2
MINK1,1,1,1,1,1,1,1,1,0
MIP,1,1,1,1,1,1,0,0,0
MIR125B2,1,1,1,0,1,1,0,0,1
MITF,2,2,2,0,2,2,2,2,2
MKI67,1,1,1,0,1,1,1,1,0
MKNK1,2,2,2,2,2,2,1,1,0
MKNK2,2,2,2,2,2,2,0,0,0
MLANA,10,10,10,0,10,10,1,1,10
MLC1,1,1,1,1,1,1,1,1,0
MLH1,6,6,6,0,5,5,4,4,6
MLKL,1,1,1,1,1,1,0,0,0
MLNR,36,36,36,34,36,36,17,17,0
MLST8,3,3,3,3,3,3,3,3,0
MLYCD,1,1,1,1,1,1,0,0,0
MME,23,23,23,19,23,23,16,16,0
MMP1,28,28,28,12,28,28,23,23,15
MMP10,1,1,1,1,1,1,0,0,0
MMP11,1,1,1,1,1,1,0,0,0
MMP12,10,10,10,10,10,10,2,2,0
MMP13,12,12,12,12,12,12,9,9,0
MMP14,4,4,4,4,4,4,3,3,0
MMP15,2,2,2,2,2,2,2,2,0
MMP16,2,2,2,2,2,2,2,2,0
MMP17,1,1,1,1,1,1,1,1,0
MMP2,46,46,46,19,46,46,32,32,22
MMP25,1,1,1,1,1,1,1,1,0
MMP26,1,1,1,1,1,1,1,1,0
MMP3,9,9,9,7,9,9,6,6,0
MMP7,11,11,11,11,11,11,11,11,0
MMP8,10,10,10,8,10,10,7,7,0
MMP9,20,20,20,14,20,20,10,10,1
MPI,3,3,3,3,3,3,2,2,0
MPL,25,25,25,11,25,25,16,16,8
MPO,31,31,31,3,31,31,26,26,28
MPST,1,1,1,0,1,1,1,1,1
MR1,1,1,1,0,1,1,1,1,0
MRGPRD,1,1,1,1,1,1,1,1,0
MRGPRX1,2,2,2,2,2,2,1,1,0
MS4A1,46,46,46,27,46,46,38,38,1
MS4A2,2,2,2,0,2,2,2,2,0
MSH2,6,6,6,0,6,6,5,5,6
MSH3,4,4,4,0,4,4,4,4,4
MSH6,10,10,10,0,9,9,7,7,10
MSLN,3,3,3,1,3,3,3,3,0
MSR1,1,1,1,0,1,1,1,1,1
MST1,1,1,1,0,1,1,1,1,1
MST1R,8,8,8,6,8,8,7,7,0
MSTN,2,2,2,2,2,2,2,2,0
MT-CO1,3,3,3,0,3,3,2,2,3
MT-ND1,9,9,9,3,9,9,9,9,0
MT-ND2,3,3,3,3,3,3,3,3,0
MT-ND3,3,3,3,3,3,3,3,3,0
MT-ND4,3,3,3,3,3,3,3,3,0
MT-ND4L,3,3,3,3,3,3,3,3,0
MT-ND5,3,3,3,3,3,3,3,3,0
MT-ND6,3,3,3,3,3,3,3,3,0
MT1E,1,1,1,0,1,1,1,1,1
MT1F,2,2,2,0,2,2,1,1,2
MT1G,1,1,1,0,1,1,1,1,1
MT1H,7,7,7,0,7,7,3,3,7
MT1IP,1,1,1,0,1,1,1,1,1
MT1JP,1,1,1,0,1,1,1,1,1
MT2A,2,2,2,0,2,2,2,2,2
MT3,1,1,1,0,1,1,0,0,1
MTAP,2,2,2,0,2,2,2,2,2
MTF1,1,1,1,0,1,1,0,0,0
MTHFR,10,10,10,0,10,10,9,9,10
MTNR1A,47,47,47,40,47,47,38,38,0
MTNR1B,50,50,50,43,50,50,36,36,0
MTOR,136,136,136,106,136,136,120,120,12
MTR,1,1,1,0,1,1,0,0,1
MTRR,1,1,1,0,1,1,1,1,1
MTTP,6,6,6,3,6,6,5,5,0
MUC1,8,8,8,0,8,8,5,5,3
MUC16,15,15,15,0,14,14,12,12,10
MUC2,9,9,9,0,9,9,6,6,9
MUC5AC,2,2,2,0,2,2,1,1,1
MUSK,2,2,2,2,2,2,0,0,0
MUT,1,1,1,1,1,1,1,1,0
MVK,8,8,8,8,8,8,6,6,0
MXI1,1,1,1,0,1,1,0,0,1
MYB,7,7,7,1,7,7,5,5,5
MYC,69,69,69,1,69,69,47,47,61
MYCN,12,12,12,0,12,12,10,10,11
MYD88,7,7,7,0,6,6,3,3,3
MYH6,1,1,1,1,1,1,1,1,0
MYH7,1,1,1,1,1,1,1,1,0
MYH7B,1,1,1,1,1,1,1,1,0
MYL2,1,1,1,1,1,1,1,1,0
MYL3,1,1,1,1,1,1,1,1,0
MYL7,1,1,1,1,1,1,1,1,0
MYLK,2,2,2,2,2,2,1,1,0
MYLK2,2,2,2,2,2,2,2,2,0
MYO9B,12,12,12,0,12,12,11,11,12
MYOD1,18,18,18,0,18,18,10,10,18
NAAA,2,2,2,2,2,2,2,2,0
NAE1,1,1,1,1,1,1,1,1,0
NAGLU,1,1,1,1,1,1,1,1,0
NAGS,1,1,1,0,1,1,1,1,0
NALCN,4,4,4,4,4,4,3,3,0
NAMPT,2,2,2,1,2,2,2,2,0
NAPEPLD,1,1,1,0,1,1,1,1,1
NAPRT,1,1,1,0,1,1,1,1,1
NAT1,94,94,94,71,94,94,88,88,2
NAT2,7,7,7,0,7,7,7,7,7
NBN,1,1,1,0,1,1,0,0,1
NCAM1,3,3,3,0,3,3,2,2,0
NCF1,1,1,1,0,1,1,1,1,1
NCF2,1,1,1,0,1,1,1,1,1
NCL,2,2,2,0,2,2,0,0,0
NCOA1,1,1,1,1,1,1,0,0,0
NCOA3,1,1,1,0,1,1,1,1,1
NCSTN,11,11,11,8,11,11,8,8,0
NDUFA1,3,3,3,3,3,3,3,3,0
NDUFA10,3,3,3,3,3,3,3,3,0
NDUFA11,3,3,3,3,3,3,3,3,0
NDUFA12,3,3,3,3,3,3,3,3,0
NDUFA13,3,3,3,3,3,3,3,3,0
NDUFA2,3,3,3,3,3,3,3,3,0
NDUFA3,3,3,3,3,3,3,3,3,0
NDUFA4,3,3,3,3,3,3,3,3,0
NDUFA4L2,3,3,3,3,3,3,3,3,0
NDUFA5,3,3,3,3,3,3,3,3,0
NDUFA6,3,3,3,3,3,3,3,3,0
NDUFA7,3,3,3,3,3,3,3,3,0
NDUFA8,3,3,3,3,3,3,3,3,0
NDUFA9,3,3,3,3,3,3,3,3,0
NDUFAB1,3,3,3,3,3,3,3,3,0
NDUFAF1,3,3,3,3,3,3,3,3,0
NDUFAF2,3,3,3,3,3,3,3,3,0
NDUFAF3,3,3,3,3,3,3,3,3,0
NDUFAF4,3,3,3,3,3,3,3,3,0
NDUFB1,3,3,3,3,3,3,3,3,0
NDUFB10,3,3,3,3,3,3,3,3,0
NDUFB11,3,3,3,3,3,3,3,3,0
NDUFB2,3,3,3,3,3,3,3,3,0
NDUFB3,3,3,3,3,3,3,3,3,0
NDUFB4,3,3,3,3,3,3,3,3,0
NDUFB5,3,3,3,3,3,3,3,3,0
NDUFB6,3,3,3,3,3,3,3,3,0
NDUFB7,3,3,3,3,3,3,3,3,0
NDUFB8,3,3,3,3,3,3,3,3,0
NDUFB9,3,3,3,3,3,3,3,3,0
NDUFC1,3,3,3,3,3,3,3,3,0
NDUFC2,3,3,3,3,3,3,3,3,0
NDUFS1,3,3,3,3,3,3,3,3,0
NDUFS2,3,3,3,3,3,3,3,3,0
NDUFS3,3,3,3,3,3,3,3,3,0
NDUFS4,3,3,3,3,3,3,3,3,0
NDUFS5,3,3,3,3,3,3,3,3,0
NDUFS6,3,3,3,3,3,3,3,3,0
NDUFS7,3,3,3,3,3,3,3,3,0
NDUFS8,3,3,3,3,3,3,3,3,0
NDUFV1,3,3,3,3,3,3,3,3,0
NDUFV2,3,3,3,3,3,3,3,3,0
NDUFV3,3,3,3,3,3,3,3,3,0
NECTIN4,3,3,3,2,3,3,3,3,0
NEK1,1,1,1,1,1,1,1,1,0
NEK11,1,1,1,1,1,1,0,0,0
NEK2,3,3,3,3,3,3,2,2,0
NEK3,1,1,1,1,1,1,0,0,0
NEK6,1,1,1,1,1,1,0,0,0
NEK7,1,1,1,1,1,1,0,0,0
NEUROD1,2,2,2,0,2,2,2,2,2
NF1,34,34,34,0,34,34,31,31,14
NF2,15,15,15,0,15,15,12,12,9
NFE2,1,1,1,0,1,1,1,1,1
NFE2L2,46,46,46,0,46,46,29,29,46
NFKB1,8,8,8,0,8,8,5,5,0
NFKB2,8,8,8,5,8,8,4,4,0
NFKBIL1,1,1,1,0,1,1,0,0,1
NGB,1,1,1,0,1,1,1,1,1
NGF,6,6,6,3,6,6,5,5,0
NGFR,8,8,8,2,8,8,3,3,0
NKX6-1,1,1,1,0,1,1,0,0,1
NLK,1,1,1,1,1,1,0,0,0
NLRP1,1,1,1,1,1,1,0,0,0
NLRP3,2,2,2,1,2,2,1,1,1
NMBR,20,20,20,20,20,20,12,12,0
NME1,1,1,1,0,1,1,1,1,1
NME2,1,1,1,0,1,1,1,1,1
NMUR1,14,14,14,14,14,14,0,0,0
NMUR2,15,15,15,15,15,15,0,0,0
NNMT,2,2,2,0,2,2,1,1,0
NOD1,2,2,2,2,2,2,1,1,0
NOD2,3,3,3,2,3,3,1,1,0
NODAL,1,1,1,0,1,1,0,0,1
NOS1,69,69,69,8,69,69,47,47,59
NOS2,30,30,30,8,30,30,20,20,19
NOS3,5,5,5,0,5,5,3,3,0
NOTCH1,26,26,26,5,26,26,16,16,20
NOTCH2,6,6,6,5,6,6,4,4,0
NOTCH3,6,6,6,5,6,6,4,4,0
NOTCH4,4,4,4,4,4,4,2,2,0
NPBWR1,9,9,9,9,9,9,0,0,0
NPBWR2,5,5,5,5,5,5,0,0,0
NPC1L1,6,6,6,3,6,6,5,5,0
NPEPL1,1,1,1,1,1,1,1,1,0
NPEPPS,3,3,3,3,3,3,3,3,0
NPFFR1,14,14,14,14,14,14,5,5,0
NPM1,21,21,21,0,20,20,16,16,19
NPPA,2,2,2,0,2,2,0,0,2
NPPC,13,13,13,0,13,13,11,11,13
NPR1,24,24,24,9,24,24,23,23,0
NPR2,15,15,15,7,15,15,10,10,0
NPR3,9,9,9,5,9,9,5,5,0
NPTN,2,2,2,0,2,2,0,0,2
NPY,13,13,13,0,13,13,6,6,13
NPY1R,3,3,3,3,3,3,1,1,0
NPY2R,8,8,8,5,8,8,8,8,0
NPY4R,20,20,20,17,20,20,13,13,0
NPY5R,13,13,13,10,13,13,8,8,0
NQO1,13,13,13,2,13,13,9,9,9
NQO2,2,2,2,0,2,2,2,2,0
NR0B2,1,1,1,0,1,1,0,0,0
NR1D1,5,5,5,5,5,5,5,5,0
NR1D2,5,5,5,5,5,5,3,3,0
NR1H2,18,18,18,18,18,18,15,15,0
NR1H3,16,16,16,16,16,16,13,13,0
NR1H4,14,14,14,13,14,14,13,13,0
NR1I3,5,5,5,5,5,5,4,4,0
NR2C1,1,1,1,0,1,1,1,1,1
NR2C2,2,2,2,2,2,2,2,2,0
NR2E3,1,1,1,1,1,1,1,1,0
NR3C1,182,182,182,121,182,182,171,171,6
NR3C2,43,43,43,33,43,43,42,42,0
NR4A1,14,14,14,0,14,14,11,11,14
NR4A3,1,1,1,0,1,1,0,0,1
NR5A1,15,15,15,0,15,15,9,9,15
NR6A1,1,1,1,0,1,1,0,0,1
NRAS,98,98,98,1,98,98,71,71,87
NRG1,43,43,43,0,43,43,30,30,41
NRIP1,2,2,2,0,2,2,2,2,2
NRP1,4,4,4,1,4,4,2,2,0
NT5C2,2,2,2,0,2,2,2,2,2
NT5E,19,19,19,2,19,19,16,16,17
NTF3,26,26,26,0,26,26,19,19,26
NTF4,1,1,1,0,1,1,0,0,1
NTRK1,67,67,67,22,67,67,47,47,35
NTRK2,24,24,24,13,24,24,18,18,9
NTRK3,20,20,20,11,20,20,15,15,7
NTS,8,8,8,0,8,8,8,8,8
NTSR1,15,15,15,15,15,15,7,7,0
NTSR2,7,7,7,7,7,7,3,3,0
NUAK1,5,5,5,5,5,5,3,3,0
NUCB1,2,2,2,2,2,2,0,0,0
OCLN,1,1,1,0,1,1,1,1,1
ODC1,5,5,5,4,5,5,4,4,0
OGG1,2,2,2,0,2,2,1,1,2
OLR1,1,1,1,0,1,1,0,0,0
OPLAH,1,1,1,0,1,1,1,1,1
OPRD1,120,120,120,86,120,120,98,98,0
OPRK1,137,137,137,97,137,137,111,111,0
OPRL1,31,31,31,31,31,31,13,13,0
OPRM1,223,223,223,148,223,223,195,195,0
ORAI1,2,2,2,1,2,2,0,0,0
OSGIN2,4,4,4,4,4,4,4,4,0
OSM,2,2,2,0,2,2,1,1,2
OXER1,11,11,11,11,11,11,5,5,0
OXGR1,1,1,1,1,1,1,0,0,0
OXSR1,1,1,1,1,1,1,0,0,0
OXT,1,1,1,0,1,1,1,1,0
OXTR,64,64,64,54,64,64,39,39,6
P2RX1,10,10,10,9,10,10,8,8,1
P2RX2,3,3,3,3,3,3,1,1,0
P2RX3,1,1,1,1,1,1,1,1,0
P2RX7,23,23,23,21,23,23,20,20,0
P2RY1,32,32,32,31,32,32,23,23,0
P2RY10,5,5,5,4,5,5,2,2,0
P2RY11,16,16,16,15,16,16,13,13,0
P2RY12,48,48,48,34,48,48,39,39,0
P2RY13,16,16,16,15,16,16,10,10,0
P2RY14,14,14,14,13,14,14,9,9,0
P2RY2,26,26,26,20,26,26,20,20,2
P2RY4,13,13,13,12,13,13,9,9,0
P2RY6,20,20,20,19,20,20,14,14,0
P2RY8,1,1,1,0,1,1,0,0,0
P4HB,1,1,1,1,1,1,1,1,0
P4HTM,2,2,2,2,2,2,2,2,0
PADI1,1,1,1,1,1,1,1,1,0
PADI3,2,2,2,2,2,2,0,0,0
PADI4,3,3,3,3,3,3,1,1,0
PAEP,2,2,2,0,2,2,2,2,2
PAH,7,7,7,3,7,7,7,7,0
PAK1,9,9,9,9,9,9,0,0,0
PAK2,8,8,8,8,8,8,2,2,0
PAK3,4,4,4,4,4,4,0,0,0
PAK4,6,6,6,6,6,6,2,2,0
PAK5,3,3,3,3,3,3,1,1,0
PAK6,3,3,3,3,3,3,1,1,0
PALB2,4,4,4,0,4,4,2,2,2
PANX1,2,2,2,2,2,2,2,2,0
PANX3,2,2,2,2,2,2,2,2,0
PAPOLA,1,1,1,0,1,1,1,1,1
PAPPA,3,3,3,0,3,3,0,0,3
PARP1,44,44,44,36,43,43,39,39,0
PARP2,28,28,28,21,27,27,26,26,0
PARP3,4,4,4,4,4,4,4,4,0
PASK,1,1,1,1,1,1,0,0,0
PAX2,3,3,3,0,3,3,2,2,3
PAX5,1,1,1,0,1,1,0,0,1
PBK,2,2,2,1,2,2,1,1,1
PBRM1,2,2,2,1,2,2,1,1,0
PC,2,2,2,0,2,2,2,2,2
PCBD1,2,2,2,0,2,2,1,1,2
PCNA,4,4,4,0,4,4,2,2,3
PCSK1,4,4,4,1,4,4,2,2,3
PCSK2,1,1,1,1,1,1,0,0,0
PCSK4,1,1,1,1,1,1,0,0,0
PCSK5,2,2,2,2,2,2,1,1,0
PCSK6,4,4,4,4,4,4,2,2,0
PCSK7,2,2,2,2,2,2,0,0,0
PCSK9,14,14,14,11,14,14,8,8,0
PDCD1,15,15,15,11,15,15,12,12,0
PDCD1LG2,1,1,1,1,1,1,0,0,0
PDCD4,1,1,1,0,1,1,1,1,1
PDE10A,8,8,8,6,8,8,7,7,0
PDE11A,2,2,2,2,2,2,1,1,0
PDE1A,7,7,7,7,7,7,6,6,0
PDE1B,4,4,4,4,4,4,3,3,0
PDE1C,5,5,5,5,5,5,4,4,0
PDE2A,6,6,6,6,6,6,6,6,0
PDE3A,38,38,38,26,38,38,34,34,0
PDE3B,14,14,14,12,14,14,12,12,0
PDE4A,58,58,58,31,58,58,48,48,0
PDE4B,50,50,50,21,50,50,41,41,0
PDE4C,22,22,22,18,22,22,22,22,0
PDE4D,23,23,23,19,23,23,23,23,0
PDE5A,43,43,43,25,43,43,38,38,1
PDE6A,3,3,3,3,3,3,2,2,0
PDE6B,2,2,2,2,2,2,2,2,0
PDE6C,3,3,3,3,3,3,3,3,0
PDE6D,2,2,2,2,2,2,2,2,0
PDE6G,2,2,2,2,2,2,2,2,0
PDE6H,2,2,2,2,2,2,2,2,0
PDE7A,7,7,7,5,7,7,7,7,0
PDE7B,8,8,8,6,8,8,7,7,0
PDE8A,4,4,4,4,4,4,4,4,0
PDE8B,4,4,4,4,4,4,4,4,0
PDE9A,4,4,4,4,4,4,3,3,0
PDGFA,1,1,1,1,1,1,1,1,0
PDGFB,4,4,4,3,4,4,3,3,0
PDGFC,1,1,1,1,1,1,1,1,0
PDGFD,2,2,2,1,2,2,1,1,0
PDGFRA,120,120,120,66,119,119,113,113,24
PDGFRB,134,134,134,101,134,134,125,125,2
PDHA1,1,1,1,0,1,1,1,1,0
PDHA2,1,1,1,0,1,1,1,1,0
PDHB,2,2,2,0,2,2,1,1,0
PDHX,2,2,2,0,2,2,0,0,2
PDK1,6,6,6,4,6,6,4,4,0
PDK2,3,3,3,2,3,3,1,1,0
PDK3,2,2,2,1,2,2,1,1,0
PDK4,2,2,2,1,2,2,1,1,0
PDPK1,8,8,8,7,8,8,5,5,1
PDYN,2,2,2,0,2,2,1,1,2
PEBP1,2,2,2,0,2,2,2,2,2
PECAM1,1,1,1,0,1,1,1,1,1
PEMT,6,6,6,0,6,6,6,6,0
PER1,2,2,2,0,2,2,2,2,2
PFKFB3,1,1,1,1,1,1,0,0,0
PGA3,3,3,3,0,3,3,3,3,0
PGA5,2,2,2,2,2,2,2,2,0
PGC,2,2,2,1,2,2,2,2,0
PGD,2,2,2,0,2,2,2,2,2
PGF,4,4,4,3,4,4,4,4,0
PGGT1B,1,1,1,0,1,1,1,1,0
PGP,3,3,3,0,3,3,3,3,0
PGR,101,101,101,55,101,101,94,94,4
PGRMC1,1,1,1,0,1,1,1,1,0
PHB2,1,1,1,0,1,1,0,0,1
PHEX,4,4,4,0,4,4,1,1,4
PHF8,1,1,1,1,1,1,1,1,0
PHKG1,1,1,1,1,1,1,1,1,0
PHKG2,2,2,2,2,2,2,1,1,0
PI3,1,1,1,0,1,1,1,1,1
PI4K2A,1,1,1,1,1,1,1,1,0
PI4K2B,1,1,1,1,1,1,1,1,0
PI4KA,2,2,2,2,2,2,2,2,0
PI4KB,3,3,3,3,3,3,2,2,0
PIGF,2,2,2,2,2,2,2,2,0
PIK3C2A,19,19,19,18,19,19,15,15,1
PIK3C2B,19,19,19,19,19,19,16,16,0
PIK3C2G,18,18,18,18,18,18,15,15,0
PIK3C3,24,24,24,23,24,24,17,17,0
PIK3CA,338,338,338,112,338,338,278,278,198
PIK3CB,127,127,127,91,127,127,101,101,34
PIK3CD,124,124,124,108,123,123,101,101,0
PIK3CG,186,186,186,109,186,186,144,144,75
PIK3R1,61,61,61,51,61,61,58,58,0
PIK3R2,51,51,51,51,51,51,49,49,0
PIK3R3,51,51,51,51,51,51,49,49,0
PIK3R4,24,24,24,24,24,24,22,22,0
PIK3R5,51,51,51,51,51,51,49,49,0
PIK3R6,24,24,24,24,24,24,22,22,0
PIM1,19,19,19,17,19,19,11,11,1
PIM2,10,10,10,9,10,10,7,7,0
PIM3,12,12,12,10,12,12,7,7,0
PIP,2,2,2,0,2,2,1,1,2
PIP5K1A,1,1,1,1,1,1,0,0,0
PIPSL,2,2,2,2,2,2,2,2,0
PKD2L1,12,12,12,12,12,12,8,8,0
PKM,1,1,1,0,1,1,1,1,0
PKMYT1,1,1,1,1,1,1,0,0,0
PKN1,6,6,6,5,6,6,4,4,0
PKN2,4,4,4,3,4,4,3,3,0
PKN3,2,2,2,1,2,2,1,1,0
PLA2G10,3,3,3,2,3,3,2,2,0
PLA2G1B,19,19,19,10,19,19,16,16,8
PLA2G2A,18,18,18,5,18,18,14,14,12
PLA2G2E,1,1,1,1,1,1,0,0,0
PLA2G3,2,2,2,0,2,2,0,0,0
PLA2G4A,8,8,8,1,8,8,7,7,0
PLA2G5,2,2,2,1,2,2,2,2,0
PLA2G6,1,1,1,0,1,1,1,1,0
PLA2G7,7,7,7,5,7,7,7,7,1
PLAT,12,12,12,2,12,12,10,10,7
PLAU,48,48,48,5,48,48,33,33,39
PLAUR,7,7,7,0,7,7,4,4,6
PLCG2,3,3,3,1,3,3,2,2,1
PLD1,4,4,4,2,4,4,2,2,2
PLD2,6,6,6,6,6,6,3,3,0
PLG,61,61,61,22,61,61,54,54,19
PLIN3,3,3,3,0,3,3,3,3,0
PLK1,41,41,41,36,41,41,32,32,2
PLK2,2,2,2,2,2,2,2,2,0
PLK3,2,2,2,2,2,2,2,2,0
PLK4,4,4,4,4,4,4,3,3,0
PLTP,3,3,3,0,3,3,3,3,3
PMAIP1,1,1,1,0,1,1,1,1,1
PMEL,2,2,2,0,2,2,1,1,2
PML,10,10,10,0,10,10,9,9,3
PMP22,1,1,1,0,1,1,1,1,1
PMS2,5,5,5,0,5,5,5,5,5
PMVK,1,1,1,1,1,1,1,1,0
PNLIP,7,7,7,3,7,7,7,7,0
PNMT,2,2,2,1,2,2,1,1,1
PNP,4,4,4,2,4,4,4,4,0
POLA1,10,10,10,4,10,10,10,10,0
POLA2,2,2,2,0,2,2,2,2,0
POLB,3,3,3,0,3,3,2,2,0
POLD1,4,4,4,4,4,4,4,4,0
POLE,5,5,5,4,5,5,5,5,1
POLG,1,1,1,0,1,1,1,1,0
POSTN,1,1,1,0,1,1,0,0,1
POU5F1,1,1,1,0,1,1,1,1,1
PPA1,2,2,2,0,2,2,1,1,2
PPARA,73,73,73,56,73,73,62,62,0
PPARD,30,30,30,21,30,30,27,27,2
PPARG,112,112,112,87,112,112,95,95,0
PPAT,3,3,3,3,3,3,3,3,0
PPIA,7,7,7,3,7,7,6,6,2
PPIB,2,2,2,1,2,2,2,2,1
PPID,1,1,1,0,1,1,1,1,0
PPME1,1,1,1,1,1,1,0,0,0
PPP1R1A,1,1,1,0,1,1,0,0,1
PPP1R1B,2,2,2,0,2,2,2,2,1
PPP3CA,1,1,1,0,1,1,1,1,0
PPP3CB,1,1,1,0,1,1,1,1,0
PPP3CC,1,1,1,0,1,1,1,1,0
PPP3R2,3,3,3,0,3,3,3,3,0
PPT1,1,1,1,0,1,1,1,1,1
PPY,3,3,3,0,3,3,3,3,3
PRCP,1,1,1,1,1,1,0,0,0
PRDX1,2,2,2,0,2,2,1,1,2
PREP,3,3,3,2,3,3,2,2,1
PRF1,1,1,1,0,1,1,0,0,1
PRIM1,1,1,1,0,1,1,1,1,1
PRKAA1,11,11,11,0,11,11,9,9,8
PRKAA2,1,1,1,0,1,1,1,1,0
PRKAB1,8,8,8,1,8,8,6,6,4
PRKAB2,1,1,1,1,1,1,0,0,0
PRKACA,2,2,2,2,2,2,2,2,0
PRKACB,2,2,2,2,2,2,2,2,0
PRKACG,1,1,1,1,1,1,1,1,0
PRKAR2B,10,10,10,9,10,10,5,5,1
PRKCA,21,21,21,18,21,21,21,21,0
PRKCB,28,28,28,23,28,28,28,28,0
PRKCD,20,20,20,15,20,20,18,18,1
PRKCE,19,19,19,14,19,19,18,18,0
PRKCG,17,17,17,14,17,17,17,17,0
PRKCH,13,13,13,8,13,13,13,13,0
PRKCI,8,8,8,7,8,8,8,8,0
PRKCQ,14,14,14,11,14,14,13,13,0
PRKCZ,11,11,11,10,11,11,10,10,0
PRKD1,14,14,14,10,14,14,11,11,2
PRKD2,5,5,5,3,5,5,3,3,0
PRKD3,10,10,10,8,10,10,8,8,0
PRKDC,12,12,12,11,12,12,7,7,0
PRKG1,3,3,3,3,3,3,2,2,0
PRKG2,1,1,1,1,1,1,0,0,0
PRKX,1,1,1,1,1,1,1,1,0
PRL,74,74,74,0,74,74,47,47,74
PRLHR,10,10,10,10,10,10,5,5,0
PRLR,6,6,6,3,6,6,5,5,1
PRMT1,4,4,4,4,4,4,2,2,0
PRMT3,3,3,3,3,3,3,2,2,0
PRMT5,5,5,5,5,5,5,2,2,0
PRMT6,4,4,4,4,4,4,1,1,0
PRMT7,1,1,1,1,1,1,0,0,0
PRMT8,2,2,2,2,2,2,1,1,0
PROC,6,6,6,2,6,6,5,5,0
PROCR,1,1,1,0,1,1,0,0,0
PROKR1,10,10,10,10,10,10,1,1,0
PROKR2,8,8,8,8,8,8,0,0,0
PROS1,2,2,2,0,2,2,2,2,0
PROZ,1,1,1,0,1,1,1,1,0
PRRT2,1,1,1,1,1,1,1,1,0
PRSS1,4,4,4,3,4,4,3,3,0
PRSS2,1,1,1,0,1,1,1,1,0
PRSS3,2,2,2,1,2,2,1,1,0
PRSS8,1,1,1,1,1,1,0,0,0
PRTN3,5,5,5,2,5,5,3,3,2
PSCA,2,2,2,0,2,2,1,1,0
PSEN1,22,22,22,16,22,22,16,16,1
PSEN2,5,5,5,1,5,5,4,4,0
PSENEN,12,12,12,8,12,12,9,9,0
PSMA1,7,7,7,7,7,7,7,7,0
PSMA2,7,7,7,7,7,7,7,7,0
PSMA3,7,7,7,7,7,7,7,7,0
PSMA4,7,7,7,7,7,7,7,7,0
PSMA5,7,7,7,7,7,7,7,7,0
PSMA6,7,7,7,7,7,7,7,7,0
PSMA7,7,7,7,7,7,7,7,7,0
PSMA8,7,7,7,7,7,7,7,7,0
PSMB1,13,13,13,8,13,13,11,11,0
PSMB10,7,7,7,7,7,7,7,7,0
PSMB11,5,5,5,5,5,5,5,5,0
PSMB2,12,12,12,7,12,12,11,11,0
PSMB3,7,7,7,7,7,7,7,7,0
PSMB4,7,7,7,7,7,7,7,7,0
PSMB5,17,17,17,12,17,17,15,15,0
PSMB6,7,7,7,7,7,7,7,7,0
PSMB7,7,7,7,7,7,7,7,7,0
PSMB8,9,9,9,9,9,9,7,7,0
PSMB9,7,7,7,7,7,7,7,7,0
PSMC1,6,6,6,6,6,6,6,6,0
PSMC1P1,2,2,2,2,2,2,2,2,0
PSMC2,6,6,6,6,6,6,6,6,0
PSMC3,6,6,6,6,6,6,6,6,0
PSMC3IP,2,2,2,2,2,2,2,2,0
PSMC4,6,6,6,6,6,6,6,6,0
PSMC5,7,7,7,7,7,7,7,7,0
PSMC6,6,6,6,6,6,6,6,6,0
PSMD1,10,10,10,6,10,10,9,9,0
PSMD10,2,2,2,2,2,2,2,2,0
PSMD10P1,2,2,2,2,2,2,2,2,0
PSMD10P2,2,2,2,2,2,2,2,2,0
PSMD10P3,2,2,2,2,2,2,2,2,0
PSMD11,6,6,6,6,6,6,6,6,0
PSMD12,6,6,6,6,6,6,6,6,0
PSMD13,6,6,6,6,6,6,6,6,0
PSMD14,6,6,6,6,6,6,6,6,0
PSMD2,10,10,10,6,10,10,9,9,0
PSMD3,6,6,6,6,6,6,6,6,0
PSMD4,8,8,8,6,8,8,7,7,2
PSMD4P1,2,2,2,2,2,2,2,2,0
PSMD5,2,2,2,2,2,2,2,2,0
PSMD6,6,6,6,6,6,6,6,6,0
PSMD7,7,7,7,6,7,7,6,6,1
PSMD8,6,6,6,6,6,6,6,6,0
PSMD9,2,2,2,2,2,2,2,2,0
PSME1,2,2,2,2,2,2,2,2,0
PSME2,2,2,2,2,2,2,2,2,0
PSME2P2,2,2,2,2,2,2,2,2,0
PSME3,2,2,2,2,2,2,2,2,0
PSME4,2,2,2,2,2,2,2,2,0
PSMF1,2,2,2,2,2,2,2,2,0
PTAFR,2,2,2,2,2,2,2,2,0
PTCH1,8,8,8,1,8,8,8,8,6
PTEN,172,172,172,2,172,172,144,144,138
PTGDR,34,34,34,32,34,34,23,23,0
PTGDR2,43,43,43,40,43,43,32,32,0
PTGDS,1,1,1,0,1,1,0,0,1
PTGER1,43,43,43,28,43,43,31,31,5
PTGER2,38,38,38,33,38,38,29,29,0
PTGER3,33,33,33,27,33,33,26,26,1
PTGER4,44,44,44,37,44,44,34,34,3
PTGES,3,3,3,0,3,3,2,2,3
PTGES3,2,2,2,0,2,2,2,2,2
PTGFR,40,40,40,33,40,40,32,32,0
PTGIR,22,22,22,11,22,22,22,22,0
PTGIS,3,3,3,1,3,3,2,2,0
PTGS1,129,129,129,70,129,129,124,124,3
PTGS2,165,165,165,78,165,165,163,163,7
PTH,39,39,39,0,39,39,27,27,39
PTH1R,15,15,15,4,15,15,11,11,4
PTH2R,31,31,31,27,31,31,8,8,0
PTHLH,6,6,6,1,6,6,4,4,5
PTK2,18,18,18,14,17,17,16,16,1
PTK2B,7,7,7,7,7,7,7,7,0
PTK6,3,3,3,3,3,3,2,2,0
PTMA,1,1,1,0,1,1,1,1,0
PTP4A1,1,1,1,0,1,1,1,1,1
PTP4A3,1,1,1,0,1,1,1,1,1
PTPN1,7,7,7,2,7,7,3,3,1
PTPN11,8,8,8,0,7,7,6,6,6
PTPN13,1,1,1,0,1,1,0,0,1
PTPN4,1,1,1,0,1,1,1,1,0
PTPN6,3,3,3,1,3,3,2,2,2
PTPRB,1,1,1,0,1,1,1,1,1
PTPRC,12,12,12,0,12,12,5,5,12
PTPRD,3,3,3,0,3,3,3,3,3
PTPRF,2,2,2,1,2,2,2,2,1
PTPRG,1,1,1,1,1,1,0,0,0
PTPRM,1,1,1,1,1,1,0,0,0
PTPRS,3,3,3,3,3,3,3,3,0
PTPRZ1,3,3,3,0,3,3,2,2,3
PVALB,1,1,1,0,1,1,1,1,1
PVT1,1,1,1,0,1,1,1,1,1
PXN,3,3,3,0,3,3,2,2,3
PYGB,2,2,2,1,2,2,2,2,0
PYGL,1,1,1,0,1,1,1,1,0
PYGM,2,2,2,0,2,2,2,2,1
PYY,1,1,1,0,1,1,0,0,1
PZP,6,6,6,0,6,6,5,5,6
QPCT,1,1,1,1,1,1,1,1,0
QPRT,2,2,2,0,2,2,1,1,0
QRFPR,6,6,6,6,6,6,0,0,0
RAB27A,1,1,1,1,1,1,0,0,0
RAB5A,1,1,1,0,1,1,0,0,1
RAC1,2,2,2,0,2,2,2,2,2
RAD21,1,1,1,0,0,0,0,0,1
RAD50,7,7,7,0,7,7,4,4,2
RAD51,1,1,1,0,1,1,1,1,0
RAF1,39,39,39,30,39,39,35,35,1
RALA,1,1,1,0,1,1,1,1,1
RALBP1,1,1,1,0,1,1,0,0,1
RAMP1,6,6,6,2,6,6,6,6,0
RAMP2,3,3,3,1,3,3,3,3,0
RAMP3,23,23,23,20,23,23,12,12,1
RAPGEF3,1,1,1,1,1,1,0,0,0
RAPGEF4,2,2,2,2,2,2,1,1,0
RARA,68,68,68,27,68,68,55,55,23
RARB,22,22,22,9,22,22,20,20,2
RARG,24,24,24,11,24,24,22,22,2
RARRES1,1,1,1,0,1,1,1,1,0
RB1,30,30,30,0,30,30,23,23,28
RBBP9,1,1,1,1,1,1,0,0,0
RBL1,1,1,1,0,1,1,1,1,1
RBL2,1,1,1,0,1,1,1,1,1
RBP3,5,5,5,0,5,5,4,4,5
RBP4,3,3,3,1,3,3,3,3,2
RBX1,3,3,3,3,3,3,3,3,0
RCE1,2,2,2,2,2,2,0,0,0
RECQL,1,1,1,0,1,1,0,0,1
REG1A,2,2,2,0,2,2,1,1,2
REG3A,1,1,1,0,1,1,1,1,1
RELA,2,2,2,0,2,2,0,0,2
REN,11,11,11,4,11,11,8,8,0
RET,108,108,108,46,108,108,95,95,49
RFC1,1,1,1,0,1,1,1,1,0
RGMA,1,1,1,1,1,1,0,0,0
RHD,3,3,3,2,3,3,3,3,0
RICTOR,4,4,4,3,4,4,4,4,1
RIPK1,4,4,4,3,4,4,1,1,1
RIPK2,2,2,2,2,2,2,0,0,0
RIT1,2,2,2,0,2,2,2,2,2
RLN2,2,2,2,0,2,2,2,2,2
RNASEH2A,4,4,4,0,4,4,2,2,4
RNF112,1,1,1,0,1,1,1,1,1
RNPEP,1,1,1,1,1,1,1,1,0
RNPEPL1,1,1,1,1,1,1,1,1,0
ROCK1,22,22,22,20,22,22,17,17,0
ROCK2,23,23,23,19,23,23,15,15,2
RORA,5,5,5,4,5,5,4,4,1
RORB,4,4,4,4,4,4,3,3,0
RORC,3,3,3,3,3,3,3,3,0
ROS1,31,31,31,7,31,31,26,26,20
RPE65,6,6,6,2,6,6,6,6,4
RPL10,1,1,1,0,1,1,0,0,1
RPS19,2,2,2,0,2,2,2,2,2
RPS2,1,1,1,0,1,1,0,0,1
RPS6KA1,6,6,6,6,6,6,6,6,0
RPS6KA2,2,2,2,2,2,2,1,1,0
RPS6KA3,8,8,8,6,8,8,4,4,2
RPS6KA4,1,1,1,1,1,1,1,1,0
RPS6KA5,2,2,2,2,2,2,1,1,0
RPS6KA6,3,3,3,3,3,3,2,2,0
RPS6KB1,12,12,12,9,12,12,9,9,1
RPS6KB2,3,3,3,3,3,3,3,3,0
RPSA,3,3,3,0,3,3,3,3,3
RPTOR,3,3,3,3,3,3,3,3,0
RRM1,27,27,27,10,27,27,24,24,6
RRM2,15,15,15,11,15,15,14,14,0
RRM2B,9,9,9,6,9,9,8,8,0
RTN4,4,4,4,2,4,4,2,2,2
RUNX1,8,8,8,0,7,7,3,3,8
RUNX2,1,1,1,0,1,1,0,0,1
RUNX3,2,2,2,0,2,2,2,2,2
RXFP1,16,16,16,16,16,16,7,7,0
RXFP2,19,19,19,19,19,19,7,7,0
RXFP3,15,15,15,15,15,15,3,3,0
RXFP4,16,16,16,15,16,16,2,2,0
RXRA,25,25,25,18,25,25,19,19,0
RXRB,20,20,20,10,20,20,17,17,0
RXRG,15,15,15,7,15,15,14,14,0
RYR1,12,12,12,10,12,12,12,12,0
RYR2,9,9,9,9,9,9,8,8,0
RYR3,8,8,8,8,8,8,8,8,0
S100A10,2,2,2,0,2,2,1,1,2
S100A12,2,2,2,0,2,2,2,2,2
S100A2,2,2,2,0,2,2,0,0,2
S100A8,1,1,1,0,1,1,1,1,1
S100B,3,3,3,0,3,3,3,3,3
S12,7,7,7,7,7,7,7,7,0
S1PR1,41,41,41,37,41,41,29,29,0
S1PR2,8,8,8,8,8,8,6,6,0
S1PR3,19,19,19,19,19,19,14,14,0
S1PR4,16,16,16,16,16,16,11,11,0
S1PR5,3,3,3,3,3,3,3,3,0
SAA1,2,2,2,0,2,2,2,2,2
SAG,6,6,6,0,6,6,5,5,5
SAMD3,1,1,1,0,1,1,0,0,1
SBK3,1,1,1,1,1,1,0,0,0
SCD,4,4,4,0,4,4,4,4,4
SCG5,3,3,3,0,3,3,2,2,3
SCGB1A1,1,1,1,0,1,1,0,0,1
SCN10A,92,92,92,63,92,92,90,90,0
SCN11A,60,60,60,55,60,60,60,60,0
SCN1A,77,77,77,65,77,77,73,73,0
SCN1B,1,1,1,0,1,1,1,1,0
SCN2A,68,68,68,61,68,68,64,64,0
SCN2B,1,1,1,0,1,1,1,1,0
SCN3A,65,65,65,62,65,65,62,62,0
SCN3B,1,1,1,0,1,1,1,1,0
SCN4A,70,70,70,64,70,70,68,68,0
SCN4B,1,1,1,0,1,1,1,1,0
SCN5A,141,141,141,86,141,141,134,134,0
SCN7A,55,55,55,54,55,55,55,55,0
SCN8A,63,63,63,61,63,63,59,59,0
SCN9A,79,79,79,71,79,79,75,75,0
SCNN1A,11,11,11,5,11,11,9,9,0
SCNN1B,9,9,9,3,9,9,7,7,0
SCNN1D,6,6,6,0,6,6,4,4,0
SCNN1G,9,9,9,3,9,9,7,7,0
SCTR,10,10,10,7,10,10,9,9,0
SDC1,1,1,1,0,1,1,1,1,1
SDC2,1,1,1,0,1,1,0,0,1
SDF4,1,1,1,0,1,1,1,1,1
SDHB,4,4,4,0,4,4,3,3,4
SDS,1,1,1,0,1,1,1,1,1
SELE,5,5,5,3,5,5,4,4,0
SELL,6,6,6,3,6,6,4,4,0
SELP,10,10,10,6,10,10,5,5,0
SEM1,4,4,4,4,4,4,4,4,0
SEMA4D,1,1,1,0,1,1,0,0,0
SENP1,1,1,1,1,1,1,0,0,0
SENP8,1,1,1,1,1,1,1,1,0
SERPINA1,3,3,3,3,3,3,0,0,0
SERPINA3,57,57,57,57,57,57,48,48,0
SERPINA5,2,2,2,0,2,2,2,2,2
SERPINA6,17,17,17,11,17,17,17,17,0
SERPINB2,1,1,1,0,1,1,1,1,0
SERPINB3,1,1,1,0,1,1,0,0,1
SERPINC1,30,30,30,18,30,30,27,27,0
SERPIND1,5,5,5,1,5,5,4,4,0
SERPINE1,26,26,26,1,26,26,18,18,24
SERPINF1,1,1,1,1,1,1,1,1,0
SERPING1,2,2,2,0,2,2,1,1,0
SERPINH1,2,2,2,0,2,2,0,0,2
SETBP1,1,1,1,0,0,0,0,0,1
SETD2,2,2,2,2,2,2,1,1,0
SETD7,1,1,1,1,1,1,0,0,0
SF3B1,3,3,3,0,2,2,1,1,3
SFTPA1,17,17,17,0,17,17,12,12,17
SFTPB,1,1,1,0,1,1,1,1,1
SGK1,7,7,7,3,7,7,2,2,4
SGK2,2,2,2,2,2,2,1,1,0
SGK3,1,1,1,1,1,1,0,0,0
SGMS1,1,1,1,1,1,1,0,0,0
SGMS2,1,1,1,1,1,1,0,0,0
SGPL1,1,1,1,1,1,1,0,0,0
SH2B3,1,1,1,0,1,1,1,1,1
SHBG,9,9,9,0,9,9,4,4,9
SHH,2,2,2,0,2,2,2,2,2
SI,7,7,7,0,7,7,6,6,5
SIAH1,1,1,1,0,1,1,1,1,0
SIGMAR1,34,34,34,26,34,34,23,23,0
SIK1,5,5,5,5,5,5,3,3,0
SIK2,4,4,4,4,4,4,3,3,0
SIK3,4,4,4,4,4,4,3,3,0
SIRT1,10,10,10,9,10,10,5,5,0
SIRT2,3,3,3,3,3,3,1,1,0
SIRT3,1,1,1,1,1,1,1,1,0
SIRT5,1,1,1,1,1,1,0,0,0
SIRT6,1,1,1,1,1,1,0,0,0
SLAMF1,1,1,1,0,1,1,1,1,1
SLAMF6,1,1,1,0,1,1,1,1,1
SLAMF7,4,4,4,3,4,4,4,4,0
SLC10A1,4,4,4,4,4,4,4,4,0
SLC10A2,4,4,4,3,4,4,3,3,0
SLC11A1,1,1,1,0,1,1,0,0,1
SLC11A2,1,1,1,1,1,1,1,1,0
SLC12A1,38,38,38,18,38,38,38,38,0
SLC12A2,6,6,6,4,6,6,6,6,0
SLC12A3,38,38,38,22,38,38,38,38,0
SLC12A4,3,3,3,1,3,3,2,2,0
SLC12A5,2,2,2,0,2,2,2,2,0
SLC12A6,1,1,1,1,1,1,0,0,0
SLC12A7,1,1,1,1,1,1,0,0,0
SLC15A1,1,1,1,0,1,1,1,1,1
SLC15A2,5,5,5,2,5,5,3,3,0
SLC15A3,2,2,2,0,2,2,1,1,0
SLC15A4,2,2,2,0,2,2,1,1,0
SLC16A1,4,4,4,1,4,4,4,4,3
SLC16A3,1,1,1,0,1,1,1,1,1
SLC16A7,1,1,1,1,1,1,0,0,0
SLC17A9,1,1,1,1,1,1,1,1,0
SLC18A1,4,4,4,3,4,4,4,4,0
SLC18A2,34,34,34,22,34,34,31,31,0
SLC19A1,4,4,4,2,4,4,3,3,0
SLC19A2,1,1,1,0,1,1,0,0,0
SLC19A3,1,1,1,0,1,1,0,0,0
SLC1A1,7,7,7,0,7,7,7,7,7
SLC1A2,8,8,8,5,8,8,5,5,0
SLC1A3,6,6,6,2,6,6,1,1,1
SLC1A5,3,3,3,2,3,3,2,2,1
SLC1A6,4,4,4,2,4,4,1,1,0
SLC1A7,3,3,3,1,3,3,0,0,0
SLC22A1,1,1,1,1,1,1,1,1,0
SLC22A11,4,4,4,2,4,4,4,4,0
SLC22A12,5,5,5,5,5,5,5,5,0
SLC22A2,1,1,1,1,1,1,0,0,0
SLC22A3,2,2,2,0,2,2,1,1,2
SLC22A4,1,1,1,0,1,1,0,0,0
SLC22A5,1,1,1,0,1,1,0,0,0
SLC22A6,5,5,5,5,5,5,5,5,0
SLC22A8,5,5,5,3,5,5,5,5,0
SLC23A1,2,2,2,1,2,2,1,1,0
SLC23A2,2,2,2,1,2,2,1,1,0
SLC25A1,1,1,1,1,1,1,1,1,0
SLC25A20,1,1,1,0,1,1,0,0,0
SLC25A29,1,1,1,0,1,1,0,0,0
SLC25A4,4,4,4,3,4,4,2,2,0
SLC25A5,3,3,3,0,3,3,2,2,2
SLC25A6,1,1,1,0,1,1,0,0,0
SLC27A1,1,1,1,1,1,1,1,1,0
SLC28A1,3,3,3,0,3,3,2,2,3
SLC28A2,3,3,3,1,3,3,2,2,2
SLC28A3,1,1,1,1,1,1,0,0,0
SLC29A1,14,14,14,8,14,14,12,12,4
SLC29A2,1,1,1,0,1,1,1,1,1
SLC29A4,9,9,9,9,9,9,7,7,0
SLC2A1,18,18,18,0,18,18,13,13,17
SLC2A2,2,2,2,0,2,2,2,2,0
SLC2A3,3,3,3,0,3,3,1,1,2
SLC2A4,69,69,69,0,69,69,50,50,67
SLC2A5,2,2,2,0,2,2,2,2,1
SLC32A1,1,1,1,1,1,1,1,1,0
SLC34A2,1,1,1,1,1,1,1,1,0
SLC36A1,4,4,4,4,4,4,3,3,0
SLC38A1,2,2,2,0,2,2,0,0,0
SLC38A3,2,2,2,0,2,2,1,1,0
SLC38A4,4,4,4,0,4,4,2,2,0
SLC38A5,2,2,2,0,2,2,1,1,0
SLC3A2,1,1,1,1,1,1,0,0,0
SLC40A1,1,1,1,1,1,1,0,0,0
SLC44A1,1,1,1,1,1,1,1,1,0
SLC44A4,1,1,1,1,1,1,1,1,0
SLC47A1,4,4,4,2,4,4,4,4,0
SLC52A2,2,2,2,2,2,2,2,2,0
SLC5A1,15,15,15,12,15,15,13,13,1
SLC5A11,1,1,1,1,1,1,1,1,0
SLC5A2,30,30,30,22,30,30,27,27,0
SLC5A3,1,1,1,1,1,1,1,1,0
SLC5A4,1,1,1,0,1,1,1,1,0
SLC5A7,2,2,2,1,2,2,1,1,0
SLC5A8,3,3,3,3,3,3,3,3,0
SLC6A1,12,12,12,9,12,12,10,10,0
SLC6A12,3,3,3,3,3,3,1,1,0
SLC6A14,1,1,1,1,1,1,0,0,0
SLC6A15,1,1,1,1,1,1,1,1,0
SLC6A19,1,1,1,1,1,1,1,1,0
SLC6A2,114,114,114,39,114,114,102,102,1
SLC6A3,89,89,89,37,89,89,81,81,6
SLC6A4,114,114,114,39,114,114,106,106,2
SLC6A5,4,4,4,4,4,4,2,2,0
SLC6A7,2,2,2,2,2,2,0,0,0
SLC6A9,24,24,24,18,24,24,11,11,0
SLC7A11,1,1,1,0,1,1,1,1,0
SLC7A5,1,1,1,1,1,1,0,0,0
SLC8A3,1,1,1,1,1,1,0,0,0
SLC9A3,4,4,4,2,4,4,3,3,2
SLC9A5,1,1,1,1,1,1,1,1,0
SLCO1A2,8,8,8,3,8,8,5,5,2
SLCO1B1,19,19,19,7,19,19,14,14,8
SLCO1B3,9,9,9,6,9,9,6,6,0
SLCO1C1,6,6,6,3,6,6,4,4,0
SLCO2A1,1,1,1,0,1,1,1,1,0
SLCO2B1,2,2,2,0,2,2,2,2,2
SLCO4C1,1,1,1,0,1,1,1,1,0
SLK,5,5,5,5,5,5,4,4,0
SLPI,4,4,4,0,4,4,2,2,4
SMAD2,5,5,5,0,5,5,4,4,5
SMAD3,6,6,6,0,6,6,4,4,6
SMAD4,14,14,14,0,13,13,10,10,14
SMAD7,1,1,1,0,1,1,1,1,1
SMARCA4,4,4,4,1,4,4,2,2,3
SMARCB1,10,10,10,0,10,10,6,6,10
SMG1,1,1,1,1,1,1,0,0,0
SMN1,5,5,5,0,5,5,4,4,5
SMO,44,44,44,24,44,44,38,38,19
SMOX,3,3,3,0,3,3,1,1,3
SMPD4,1,1,1,1,1,1,1,1,0
SMTN,1,1,1,0,1,1,0,0,1
SMYD2,3,3,3,3,3,3,3,3,0
SNAP25,8,8,8,4,8,8,7,7,2
SNCA,1,1,1,1,1,1,1,1,0
SNW1,1,1,1,0,1,1,0,0,1
SOAT1,8,8,8,0,8,8,6,6,7
SOCS1,2,2,2,0,2,2,0,0,2
SOCS3,1,1,1,0,1,1,0,0,1
SOCS6,1,1,1,0,1,1,0,0,1
SOD1,2,2,2,1,2,2,1,1,0
SOD2,1,1,1,0,1,1,0,0,1
SOS1,1,1,1,0,1,1,0,0,1
SOST,2,2,2,2,2,2,2,2,0
SOX10,1,1,1,0,1,1,1,1,1
SP3,1,1,1,0,1,1,1,1,1
SP7,1,1,1,0,1,1,1,1,1
SPARC,1,1,1,0,1,1,1,1,0
SPHK1,5,5,5,3,5,5,4,4,0
SPHK2,4,4,4,2,4,4,3,3,0
SPINT1,1,1,1,0,1,1,1,1,1
SPP1,13,13,13,1,13,13,10,10,12
SPR,32,32,32,32,32,32,28,28,0
SPTLC2,1,1,1,1,1,1,1,1,0
SPTLC3,1,1,1,1,1,1,1,1,0
SQLE,5,5,5,5,5,5,3,3,0
SRC,80,80,80,46,80,80,65,65,23
SRD5A1,6,6,6,1,6,6,6,6,0
SRD5A2,6,6,6,3,6,6,6,6,0
SRD5A3,1,1,1,1,1,1,1,1,0
SREBF1,2,2,2,0,2,2,0,0,2
SRGN,1,1,1,0,1,1,1,1,1
SRI,5,5,5,0,5,5,3,3,5
SRMS,6,6,6,6,6,6,6,6,0
SRPK1,1,1,1,1,1,1,0,0,0
SRPK2,1,1,1,1,1,1,0,0,0
SRPK3,1,1,1,1,1,1,0,0,0
SRSF2,1,1,1,0,0,0,0,0,1
SRY,2,2,2,0,2,2,0,0,2
SST,13,13,13,1,13,13,10,10,12
SSTR1,41,41,41,32,41,41,21,21,2
SSTR2,88,88,88,78,88,88,35,35,4
SSTR3,55,55,55,54,55,55,21,21,0
SSTR4,30,30,30,29,30,30,7,7,0
SSTR5,62,62,62,51,62,62,30,30,2
ST14,5,5,5,3,5,5,1,1,2
STAB2,1,1,1,0,1,1,1,1,1
STAG2,9,9,9,0,9,9,9,9,9
STAG3,1,1,1,0,1,1,1,1,1
STAR,1,1,1,0,1,1,0,0,1
STAT1,2,2,2,1,2,2,0,0,0
STAT2,1,1,1,0,1,1,1,1,1
STAT3,7,7,7,5,7,7,3,3,1
STAT4,5,5,5,0,5,5,3,3,4
STAT5B,5,5,5,0,5,5,3,3,3
STAT6,3,3,3,0,3,3,1,1,3
STIM2,1,1,1,0,1,1,0,0,1
STK10,1,1,1,1,1,1,1,1,0
STK11,31,31,31,1,31,31,25,25,24
STK16,1,1,1,1,1,1,0,0,0
STK17A,1,1,1,1,1,1,1,1,0
STK24,1,1,1,1,1,1,1,1,0
STK3,2,2,2,2,2,2,2,2,0
STK31,1,1,1,1,1,1,0,0,0
STK32B,1,1,1,1,1,1,0,0,0
STK33,1,1,1,1,1,1,0,0,0
STK36,1,1,1,1,1,1,1,1,0
STK38,1,1,1,1,1,1,0,0,0
STK38L,1,1,1,1,1,1,0,0,0
STK4,3,3,3,3,3,3,2,2,0
STMN1,1,1,1,0,1,1,1,1,1
STRAP,1,1,1,0,1,1,0,0,1
STS,12,12,12,2,12,12,7,7,9
SUCNR1,8,8,8,8,8,8,6,6,0
SUFU,1,1,1,0,1,1,1,1,1
SULT1A2,1,1,1,0,1,1,1,1,1
SULT2A1,3,3,3,0,3,3,2,2,3
SUV39H1,1,1,1,1,1,1,1,1,0
SV2A,8,8,8,4,8,8,7,7,1
SYK,33,33,33,28,33,33,22,22,1
SYP,3,3,3,0,3,3,2,2,3
SYT2,2,2,2,0,2,2,2,2,0
TAAR1,11,11,11,9,11,11,10,10,0
TAC1,29,29,29,0,29,29,25,25,29
TAC3,1,1,1,0,1,1,1,1,1
TACR1,56,56,56,46,56,56,37,37,2
TACR2,35,35,35,34,35,35,24,24,0
TACR3,37,37,37,36,37,37,25,25,0
TACSTD2,2,2,2,1,1,1,1,1,0
TAF1,2,2,2,1,2,2,2,2,1
TAGLN,2,2,2,0,2,2,1,1,2
TAOK1,1,1,1,1,1,1,0,0,0
TAOK3,2,2,2,2,2,2,1,1,0
TAP2,16,16,16,16,16,16,8,8,0
TASP1,1,1,1,1,1,1,0,0,0
TAT,15,15,15,0,15,15,12,12,15
TBK1,7,7,7,7,7,7,2,2,0
TBP,3,3,3,0,3,3,2,2,3
TBX21,2,2,2,0,2,2,1,1,2
TBXA2R,47,47,47,43,47,47,37,37,4
TBXAS1,6,6,6,4,6,6,1,1,1
TCIM,1,1,1,0,1,1,0,0,1
TCN1,2,2,2,0,2,2,2,2,2
TDO2,6,6,6,1,6,6,2,2,5
TEAD1,1,1,1,0,1,1,1,1,1
TEC,6,6,6,5,6,6,3,3,1
TEK,24,24,24,17,24,24,22,22,0
TEP1,2,2,2,1,2,2,0,0,0
TERC,3,3,3,0,3,3,3,3,3
TERT,12,12,12,2,12,12,7,7,7
TESK1,3,3,3,3,3,3,0,0,0
TESK2,3,3,3,3,3,3,0,0,0
TET2,3,3,3,0,2,2,2,2,3
TFAP2A,6,6,6,0,6,6,5,5,6
TFF2,1,1,1,0,1,1,0,0,1
TFF3,2,2,2,0,2,2,2,2,2
TFPI,13,13,13,0,13,13,11,11,13
TFPI2,2,2,2,0,2,2,1,1,2
TG,33,33,33,0,33,33,24,24,33
TGFB1,49,49,49,4,49,49,37,37,45
TGFB2,7,7,7,4,7,7,6,6,0
TGFB3,2,2,2,2,2,2,2,2,0
TGFBR1,14,14,14,13,14,14,7,7,0
TGFBR2,5,5,5,4,5,5,0,0,0
TGFBR3,8,8,8,0,8,8,3,3,7
TGM2,40,40,40,1,40,40,32,32,39
TH,31,31,31,10,31,31,24,24,17
THBD,6,6,6,0,6,6,6,6,6
THBS1,16,16,16,1,16,16,12,12,15
THBS2,2,2,2,0,2,2,2,2,2
THBS4,1,1,1,0,1,1,1,1,1
THPO,4,4,4,0,4,4,3,3,4
THRA,12,12,12,7,12,12,11,11,0
THRB,18,18,18,8,18,18,18,18,0
THRSP,5,5,5,0,5,5,4,4,5
THY1,3,3,3,0,3,3,0,0,3
TICAM1,1,1,1,0,1,1,0,0,1
TIE1,2,2,2,2,2,2,1,1,0
TJP1,3,3,3,0,3,3,3,3,3
TK2,1,1,1,0,1,1,1,1,1
TLE3,2,2,2,0,2,2,2,2,0
TLR2,4,4,4,3,4,4,0,0,0
TLR3,6,6,6,3,6,6,3,3,3
TLR4,14,14,14,5,14,14,9,9,7
TLR5,2,2,2,2,2,2,1,1,0
TLR7,24,24,24,16,24,24,18,18,0
TLR8,9,9,9,5,9,9,7,7,0
TLR9,22,22,22,12,22,22,7,7,0
TMEM173,1,1,1,1,1,1,0,0,0
TMPRSS11D,2,2,2,2,2,2,0,0,0
TMPRSS2,1,1,1,1,1,1,0,0,0
TMPRSS6,1,1,1,1,1,1,0,0,0
TMSB10,3,3,3,0,3,3,3,3,3
TNC,5,5,5,0,5,5,4,4,0
TNF,107,107,107,34,107,107,85,85,45
TNFAIP1,1,1,1,0,1,1,0,0,1
TNFRSF10A,13,13,13,8,13,13,11,11,3
TNFRSF10B,21,21,21,19,21,21,18,18,0
TNFRSF10C,1,1,1,0,1,1,0,0,1
TNFRSF11A,1,1,1,0,1,1,1,1,0
TNFRSF11B,5,5,5,0,5,5,3,3,5
TNFRSF12A,2,2,2,1,2,2,1,1,0
TNFRSF13B,2,2,2,0,2,2,1,1,0
TNFRSF13C,1,1,1,0,1,1,0,0,0
TNFRSF17,1,1,1,0,1,1,0,0,0
TNFRSF18,1,1,1,0,1,1,1,1,0
TNFRSF1A,3,3,3,0,3,3,1,1,2
TNFRSF1B,6,6,6,0,6,6,5,5,5
TNFRSF4,6,6,6,4,6,6,2,2,0
TNFRSF8,15,15,15,4,15,15,10,10,4
TNFRSF9,4,4,4,3,4,4,4,4,0
TNFSF10,2,2,2,0,2,2,2,2,2
TNFSF11,10,10,10,4,10,10,8,8,0
TNFSF13,2,2,2,1,2,2,2,2,0
TNFSF13B,16,16,16,10,16,16,14,14,2
TNFSF14,2,2,2,1,2,2,2,2,0
TNFSF4,1,1,1,1,1,1,1,1,0
TNIK,2,2,2,2,2,2,1,1,0
TNK1,1,1,1,1,1,1,0,0,0
TNK2,2,2,2,2,2,2,2,2,0
TNNC1,7,7,7,2,7,7,6,6,0
TNNC2,2,2,2,1,2,2,1,1,0
TNNI2,2,2,2,1,2,2,1,1,0
TNNT1,1,1,1,0,1,1,0,0,0
TNNT2,1,1,1,0,1,1,0,0,0
TNNT3,1,1,1,1,1,1,1,1,0
TOB1,1,1,1,0,1,1,0,0,1
TOP1,34,34,34,7,33,33,23,23,6
TOP1MT,6,6,6,1,6,6,4,4,0
TOP2A,66,66,66,20,66,66,56,56,13
TOP2B,53,53,53,46,53,53,40,40,0
TP53,193,193,193,4,192,192,121,121,167
TP73,12,12,12,0,12,12,9,9,12
TPBG,2,2,2,0,2,2,2,2,0
TPCN1,3,3,3,3,3,3,3,3,0
TPCN2,2,2,2,2,2,2,2,2,0
TPH1,11,11,11,7,11,11,9,9,0
TPH2,2,2,2,2,2,2,2,2,0
TPK1,1,1,1,0,1,1,0,0,1
TPM3,11,11,11,0,11,11,9,9,11
TPMT,7,7,7,0,7,7,5,5,0
TPO,14,14,14,7,14,14,14,14,1
TPP1,1,1,1,0,1,1,1,1,0
TPP2,3,3,3,3,3,3,1,1,0
TPSAB1,5,5,5,3,5,5,5,5,2
TPSB2,2,2,2,0,2,2,2,2,2
TPSD1,2,2,2,0,2,2,2,2,2
TPT1,1,1,1,0,1,1,1,1,1
TPX2,1,1,1,1,1,1,1,1,0
TRAP1,1,1,1,1,1,1,1,1,0
TRGV3,2,2,2,2,2,2,2,2,0
TRH,4,4,4,0,4,4,4,4,4
TRHR,3,3,3,3,3,3,2,2,0
TRIM24,1,1,1,1,1,1,0,0,0
TRIT1,1,1,1,0,1,1,1,1,1
TRPA1,43,43,43,40,43,43,32,32,0
TRPC1,6,6,6,5,6,6,2,2,1
TRPC3,10,10,10,10,10,10,1,1,0
TRPC4,5,5,5,5,5,5,3,3,0
TRPC5,18,18,18,18,18,18,11,11,0
TRPC6,16,16,16,16,16,16,6,6,0
TRPC7,2,2,2,2,2,2,2,2,0
TRPM1,2,2,2,2,2,2,2,2,0
TRPM2,18,18,18,18,18,18,13,13,0
TRPM3,14,14,14,14,14,14,9,9,0
TRPM4,12,12,12,12,12,12,8,8,0
TRPM5,3,3,3,3,3,3,3,3,0
TRPM6,5,5,5,5,5,5,5,5,0
TRPM7,4,4,4,4,4,4,4,4,0
TRPM8,17,17,17,13,17,17,11,11,0
TRPV1,74,74,74,58,74,74,61,61,9
TRPV2,5,5,5,5,5,5,3,3,0
TRPV3,6,6,6,4,6,6,3,3,0
TRPV4,11,11,11,11,11,11,5,5,0
TRPV5,4,4,4,4,4,4,4,4,0
TRPV6,5,5,5,4,4,4,3,3,0
TSC1,4,4,4,0,4,4,4,4,4
TSC2,3,3,3,0,3,3,3,3,2
TSC22D3,3,3,3,0,3,3,2,2,3
TSHB,21,21,21,0,21,21,13,13,21
TSHR,11,11,11,6,11,11,8,8,3
TSPO,31,31,31,5,31,31,31,31,3
TSPYL2,4,4,4,0,4,4,2,2,4
TSSK1B,1,1,1,1,1,1,1,1,0
TSSK2,1,1,1,1,1,1,0,0,0
TTK,11,11,11,11,11,11,6,6,0
TTN,1,1,1,0,1,1,0,0,1
TTR,6,6,6,1,6,6,3,3,0
TUBA1A,23,23,23,17,23,23,23,23,0
TUBA1B,22,22,22,17,22,22,22,22,0
TUBA1C,22,22,22,17,22,22,22,22,0
TUBA3D,22,22,22,17,22,22,22,22,0
TUBA3E,22,22,22,17,22,22,22,22,0
TUBA4A,24,24,24,17,24,24,24,24,0
TUBB,30,30,30,25,30,30,30,30,0
TUBB1,50,50,50,23,50,50,46,46,0
TUBB2A,34,34,34,17,34,34,32,32,0
TUBB2B,22,22,22,17,22,22,22,22,0
TUBB3,27,27,27,18,27,27,27,27,0
TUBB4B,23,23,23,17,23,23,23,23,0
TUBB6,22,22,22,17,22,22,22,22,0
TUBB8,22,22,22,17,22,22,22,22,0
TXK,8,8,8,8,8,8,3,3,0
TXN,2,2,2,1,2,2,1,1,0
TXNIP,1,1,1,0,1,1,1,1,1
TXNRD1,4,4,4,1,4,4,4,4,0
TXNRD2,1,1,1,0,1,1,1,1,0
TXNRD3,1,1,1,0,1,1,1,1,0
TYK2,16,16,16,13,16,16,14,14,3
TYMP,7,7,7,1,7,7,5,5,5
TYMS,51,51,51,7,51,51,43,43,24
TYR,3,3,3,3,3,3,3,3,0
TYRO3,5,5,5,3,5,5,2,2,0
TYRP1,1,1,1,0,1,1,1,1,0
U2AF1,1,1,1,0,0,0,0,0,1
UBA3,3,3,3,2,3,3,3,3,0
UBE2D1,1,1,1,0,1,1,1,1,1
UBR1,1,1,1,0,1,1,1,1,1
UCHL1,1,1,1,1,1,1,0,0,0
UCHL3,1,1,1,1,1,1,0,0,0
UCP1,3,3,3,0,3,3,1,1,3
UCP2,6,6,6,0,6,6,5,5,6
UGCG,8,8,8,4,8,8,7,7,1
UGDH,1,1,1,0,1,1,1,1,1
UGT1A,1,1,1,0,1,1,1,1,1
UGT1A1,11,11,11,0,11,11,11,11,1
UGT1A10,6,6,6,0,6,6,5,5,6
UGT1A4,8,8,8,0,8,8,6,6,8
UGT1A5,5,5,5,0,5,5,4,4,5
UGT1A6,1,1,1,0,1,1,1,1,1
UGT1A7,2,2,2,0,2,2,2,2,2
UGT1A9,2,2,2,0,2,2,2,2,2
ULK1,1,1,1,1,1,1,0,0,0
ULK3,1,1,1,1,1,1,0,0,0
UMOD,2,2,2,0,2,2,1,1,2
UOX,1,1,1,0,1,1,1,1,1
USP1,1,1,1,1,1,1,1,1,0
USP14,2,2,2,2,2,2,0,0,0
USP5,1,1,1,1,1,1,1,1,0
USP9Y,1,1,1,0,1,1,1,1,1
UTRN,1,1,1,0,1,1,0,0,1
UTS2R,1,1,1,1,1,1,1,1,0
VAMP1,3,3,3,1,3,3,3,3,0
VAMP2,5,5,5,1,5,5,4,4,2
VAV1,3,3,3,0,3,3,3,3,3
VCAM1,7,7,7,0,7,7,6,6,6
VCAN,1,1,1,0,1,1,1,1,1
VDAC1,1,1,1,0,1,1,1,1,0
VDAC2,3,3,3,1,3,3,1,1,1
VDAC3,2,2,2,1,2,2,1,1,0
VDR,81,81,81,37,81,81,69,69,27
VEGFA,53,53,53,25,53,53,39,39,9
VEGFB,7,7,7,4,7,7,5,5,0
VEGFC,5,5,5,3,5,5,4,4,0
VHL,28,28,28,0,28,28,20,20,24
VIM,6,6,6,0,6,6,4,4,5
VIP,8,8,8,0,8,8,8,8,8
VIPR1,24,24,24,22,24,24,8,8,1
VIPR2,22,22,22,21,22,22,8,8,0
VKORC1,29,29,29,15,29,29,29,29,0
VKORC1L1,4,4,4,0,4,4,4,4,0
VPS37A,1,1,1,0,1,1,1,1,1
VWF,25,25,25,2,25,25,19,19,17
WDR5,1,1,1,1,1,1,0,0,0
WEE1,10,10,10,6,10,10,9,9,2
WNK1,1,1,1,1,1,1,1,1,0
WNK2,1,1,1,1,1,1,0,0,0
WNK3,1,1,1,1,1,1,0,0,0
WNT7A,1,1,1,0,1,1,1,1,1
WRN,3,3,3,0,3,3,3,3,3
WT1,12,12,12,1,12,12,9,9,11
WWOX,1,1,1,0,1,1,1,1,1
XCR1,3,3,3,3,3,3,0,0,0
XDH,38,38,38,7,38,38,27,27,26
XIAP,41,41,41,13,41,41,24,24,22
XPA,1,1,1,0,1,1,0,0,1
XPNPEP1,2,2,2,2,2,2,1,1,0
XPNPEP2,3,3,3,3,3,3,1,1,0
XPNPEP3,1,1,1,1,1,1,1,1,0
XPO1,1,1,1,1,1,1,1,1,0
XRCC1,9,9,9,0,9,9,5,5,9
XRCC5,5,5,5,0,5,5,4,4,5
YES1,17,17,17,14,17,17,16,16,0
YWHAE,1,1,1,0,1,1,0,0,1
YY1,1,1,1,0,1,1,0,0,1
ZACN,5,5,5,5,5,5,4,4,0
ZAP70,4,4,4,3,4,4,4,4,1
ZEB1,2,2,2,0,2,2,2,2,2
ZFP36L2,1,1,1,0,1,1,1,1,1
